#num-states,num-transitions,type-size,probability-indeterminate,min-dfa-state-count,min-dfa-transitions-count,count-indeterminate-transitions,inhabited-dfa-language
10,10,3,0.33934508955104753,10,9,2,:indeterminate
10,13,4,0.09194240764545365,10,12,1,:satisfiable
10,14,2,0.16842802914818,10,11,0,:satisfiable
10,14,4,0.4222330404686356,10,12,10,:indeterminate
10,15,2,0.3233118846845295,10,12,6,:satisfiable
10,16,3,0.5213694176665798,10,13,7,:indeterminate
10,17,2,0.5085903742843448,10,13,7,:indeterminate
10,18,3,0.2930349502706328,10,14,5,:indeterminate
10,19,2,0.14762612191639593,10,15,3,:indeterminate
10,19,2,0.5199376511343656,10,15,7,:indeterminate
10,19,3,0.22236319006983982,10,15,3,:satisfiable
10,19,3,0.3503272653464635,10,13,4,:indeterminate
10,19,3,0.36121334532508237,10,14,7,:indeterminate
10,19,4,0.33016524465653446,10,16,5,:indeterminate
10,20,2,0.40282426116502856,10,16,6,:indeterminate
10,20,4,0.3185016778609325,10,15,6,:satisfiable
10,21,2,0.37001152171572566,10,17,6,:satisfiable
10,21,2,0.3720005055749735,10,16,7,:indeterminate
10,21,3,0.11723469306476271,10,13,1,:satisfiable
10,21,3,0.5826655297631701,10,15,5,:indeterminate
10,21,4,0.31169098074392704,10,17,5,:indeterminate
10,21,4,0.3989538910936355,10,18,8,:satisfiable
10,21,4,0.49991409109989743,10,16,6,:indeterminate
10,21,4,0.6326945299519589,10,16,12,:indeterminate
10,22,4,0.09463843854871716,10,16,2,:satisfiable
10,23,4,0.3993770516817361,10,15,8,:indeterminate
10,25,3,0.5066510817859965,10,17,7,:indeterminate
10,28,3,0.48116637827575204,10,21,13,:indeterminate
11,11,3,0.39721140527461646,11,10,3,:indeterminate
11,12,3,0.3616990798692526,11,11,5,:indeterminate
11,13,2,0.2865532301586477,11,12,6,:indeterminate
11,14,3,0.4877082135818787,11,12,5,:indeterminate
11,14,4,0.2963323226603444,11,12,6,:indeterminate
11,15,3,0.16708235766692262,11,13,4,:indeterminate
11,15,3,0.1869757537757969,11,12,5,:indeterminate
11,16,2,0.15121188311674416,11,15,2,:indeterminate
11,16,2,0.24622399831160968,11,13,3,:indeterminate
11,16,2,0.5325998453158751,11,14,11,:indeterminate
11,16,3,0.4466031392272242,11,15,13,:indeterminate
11,17,3,0.3888482818757464,11,12,7,:indeterminate
11,17,4,0.30182242498236916,11,15,2,:indeterminate
11,18,3,0.2936643562217807,11,12,2,:indeterminate
11,18,4,0.566965227061397,11,13,6,:indeterminate
11,19,2,0.3691363860621519,11,15,9,:indeterminate
11,19,3,0.3047090886268738,11,15,5,:indeterminate
11,20,2,0.13050296287839788,11,16,3,:indeterminate
11,20,2,0.23811773750745224,11,19,6,:indeterminate
11,20,2,0.5321797428997331,11,15,10,:indeterminate
11,20,4,0.30799749660300374,11,15,5,:indeterminate
11,20,4,0.4415451468781146,11,19,13,:indeterminate
11,20,4,0.4940672849926829,11,14,5,:indeterminate
11,21,2,0.26912005717141024,11,16,4,:satisfiable
11,21,2,0.32882970531597167,11,16,5,:indeterminate
11,21,3,0.1293626107323407,11,17,3,:indeterminate
11,22,2,0.13567045533310085,11,18,5,:satisfiable
11,23,2,0.019191871784561127,11,17,0,:satisfiable
11,23,3,0.25591770554292426,11,15,4,:indeterminate
11,23,3,0.48831873215845584,11,19,11,:indeterminate
11,24,3,0.26927499442015373,11,16,1,:satisfiable
11,24,3,0.4077683938057164,11,19,9,:indeterminate
11,24,3,0.5877097509378365,11,20,10,:indeterminate
11,24,4,0.1038859568200654,11,16,5,:indeterminate
11,24,4,0.1105438044805918,11,19,4,:satisfiable
11,25,2,0.17447557461056562,11,19,3,:indeterminate
11,26,2,0.6547481720727052,11,15,10,:indeterminate
11,26,3,0.08615415602881349,11,19,2,:satisfiable
11,26,4,0.4302696997538888,11,17,6,:indeterminate
11,27,2,0.27611917767584965,11,19,14,:indeterminate
11,27,4,0.549267822093954,11,22,12,:indeterminate
11,28,4,0.3709590410794015,11,18,8,:indeterminate
12,12,2,0.487589162021223,12,11,9,:indeterminate
12,13,2,0.40163644891318756,12,12,3,:indeterminate
12,14,3,0.33236919994355124,12,12,5,:indeterminate
12,15,3,0.08229960491066939,12,13,0,:satisfiable
12,16,2,0.07085865215291653,12,11,1,:indeterminate
12,16,3,0.21076317062677527,12,15,5,:indeterminate
12,16,4,0.4417031007441048,12,11,4,:indeterminate
12,17,4,0.10929077783393026,12,15,3,:satisfiable
12,18,2,0.31054143058659883,12,16,8,:indeterminate
12,18,3,0.25156520332723054,12,17,6,:indeterminate
12,18,4,0.3229315348322381,12,15,4,:indeterminate
12,19,3,0.2471284399354593,12,16,6,:indeterminate
12,19,3,0.3038398148482076,12,17,10,:indeterminate
12,20,2,0.36162811893299995,12,18,8,:indeterminate
12,20,2,0.49268009669245255,12,16,5,:indeterminate
12,20,3,0.2823087337947363,12,17,5,:indeterminate
12,22,2,0.33028484984811135,12,20,10,:indeterminate
12,22,2,0.3514532915031712,12,17,4,:indeterminate
12,23,2,0.3886846409682276,12,17,5,:indeterminate
12,23,3,0.05384117646463212,12,18,2,:satisfiable
12,24,2,0.5207818837569174,12,18,13,:indeterminate
12,24,3,0.33040674946614496,12,18,5,:indeterminate
12,24,4,0.0339098495097366,12,18,2,:indeterminate
12,24,4,0.42830735440967155,12,19,12,:indeterminate
12,24,4,0.43040403215085865,12,21,10,:indeterminate
12,24,4,0.43394951572679935,12,18,6,:indeterminate
12,24,4,0.5609248791579438,12,19,11,:indeterminate
12,25,2,0.41933586972411413,12,20,7,:indeterminate
12,25,3,0.1529626531794066,12,20,7,:indeterminate
12,25,3,0.33804439419304827,12,21,8,:indeterminate
12,25,3,0.39618200931075487,12,16,6,:indeterminate
12,26,4,0.3470017087300354,12,22,13,:indeterminate
12,27,3,0.2199251377972162,12,22,6,:indeterminate
12,28,3,0.2406232767022962,12,23,9,:satisfiable
12,28,3,0.36094689992889295,12,21,7,:indeterminate
12,28,3,0.3699184285039978,12,21,9,:indeterminate
12,28,3,0.4144049530356049,12,24,12,:indeterminate
12,28,3,0.4528354471168033,12,20,9,:indeterminate
12,29,2,0.3563919020011159,12,22,11,:indeterminate
12,29,4,0.4069149081295877,12,20,8,:satisfiable
12,30,4,0.6065506604525925,12,22,16,:indeterminate
12,31,4,0.2223566793311578,12,18,7,:indeterminate
12,32,4,0.2927897842298724,12,22,11,:indeterminate
13,13,4,0.5142175958135027,13,12,5,:indeterminate
13,14,3,0.36908306689148535,13,13,4,:indeterminate
13,15,2,0.34938833549249476,13,13,4,:indeterminate
13,15,3,0.3056072608646225,13,13,6,:indeterminate
13,16,2,0.5375145351883787,13,15,9,:indeterminate
13,16,3,0.03638953940741322,13,15,2,:satisfiable
13,16,3,0.364555353394935,13,13,2,:indeterminate
13,16,4,0.19072819376599923,13,13,2,:indeterminate
13,17,2,0.39230179074782784,13,13,7,:indeterminate
13,18,4,0.4296279548963598,13,14,8,:indeterminate
13,19,2,0.2197256685253236,13,14,1,:indeterminate
13,20,2,0.5452347290376384,13,16,6,:indeterminate
13,20,3,0.2635081384892129,13,15,2,:satisfiable
13,21,3,0.47730439215759946,13,20,16,:indeterminate
13,22,2,0.21816097086576025,13,20,6,:indeterminate
13,22,3,0.4353938769637831,13,19,10,:indeterminate
13,22,4,0.1979019828107996,13,18,4,:indeterminate
13,22,4,0.20805167706560493,13,19,4,:satisfiable
13,23,3,0.18348518617601947,13,17,3,:satisfiable
13,23,3,0.38702596887249974,13,17,7,:indeterminate
13,24,2,0.5453855385304011,13,16,8,:indeterminate
13,25,2,0.28801670800152185,13,18,8,:satisfiable
13,25,2,0.43336544013684547,13,19,3,:indeterminate
13,25,3,0.19264084984201457,13,17,7,:indeterminate
13,25,4,0.18910799026286315,13,17,3,:satisfiable
13,25,4,0.5414406443632684,13,21,13,:indeterminate
13,26,2,0.3070847499865171,13,20,8,:indeterminate
13,26,2,0.49495580217748153,13,22,11,:indeterminate
13,26,4,0.3286422538133004,13,21,7,:satisfiable
13,26,4,0.4751649408458058,13,19,14,:indeterminate
13,27,2,0.29655425589841605,13,20,7,:indeterminate
13,27,3,0.12313718223388392,13,17,1,:indeterminate
13,27,4,0.26718841888325834,13,18,5,:indeterminate
13,28,3,0.1660913389331399,13,18,1,:satisfiable
13,28,3,0.20173086208946012,13,21,5,:indeterminate
13,29,2,0.2135036066751483,13,23,9,:indeterminate
13,29,4,0.4342416266229852,13,22,8,:indeterminate
13,30,2,0.27089368747796727,13,22,10,:indeterminate
13,30,3,0.1911122298142015,13,22,3,:satisfiable
13,30,4,0.29920941270653406,13,24,9,:indeterminate
13,31,2,0.40747276312275676,13,25,11,:indeterminate
13,32,2,0.26211373242012137,13,19,3,:satisfiable
13,32,3,0.49340197577797346,13,24,17,:indeterminate
13,32,4,0.4521949090751998,13,21,8,:indeterminate
13,33,2,0.2639315220366139,13,27,9,:indeterminate
13,33,2,0.35330649237115824,13,25,11,:satisfiable
13,33,4,0.4281288416669758,13,22,15,:indeterminate
13,34,2,0.3563072681243333,13,22,9,:indeterminate
13,34,3,0.3908100967530497,13,27,11,:indeterminate
13,35,2,0.20152180836444758,13,24,6,:indeterminate
13,36,4,0.6038751421246913,13,28,17,:indeterminate
14,14,3,0.45009873410423834,14,13,4,:indeterminate
14,16,2,0.21149782755924207,14,14,2,:indeterminate
14,16,2,0.255619804463214,14,15,6,:indeterminate
14,16,2,0.27952378344998036,14,15,2,:indeterminate
14,16,2,0.39853714330926976,14,15,11,:indeterminate
14,16,2,0.47716457720084776,14,14,8,:indeterminate
14,16,2,0.6322940639343763,14,15,9,:indeterminate
14,16,4,0.1427726952291518,14,13,1,:indeterminate
14,17,4,0.30249999804054667,14,16,3,:satisfiable
14,17,4,0.3470348446033153,14,15,8,:indeterminate
14,19,2,0.14895390968110098,14,16,2,:satisfiable
14,19,2,0.3375121413654436,14,17,4,:satisfiable
14,20,2,0.5011333916232382,14,18,11,:indeterminate
14,20,2,0.5339826548702584,14,17,2,:satisfiable
14,20,3,0.321320406585026,14,16,9,:indeterminate
14,20,4,0.40854420751974674,14,17,6,:indeterminate
14,21,2,0.5053638435180442,14,20,13,:indeterminate
14,21,2,0.6305183206233366,14,20,13,:indeterminate
14,21,3,0.08705896972027516,14,17,2,:satisfiable
14,21,3,0.38690147806120107,14,17,6,:indeterminate
14,21,4,0.19866048494150165,14,17,4,:indeterminate
14,21,4,0.2120874359158956,14,18,3,:indeterminate
14,22,2,0.4157691321607761,14,21,8,:indeterminate
14,22,3,0.3720632194525475,14,16,5,:indeterminate
14,23,2,0.4601371437563809,14,18,6,:indeterminate
14,23,3,0.15502665139173435,14,19,4,:satisfiable
14,24,2,0.12431731637232586,14,19,1,:satisfiable
14,24,3,0.3895277239254568,14,16,3,:indeterminate
14,24,3,0.3901838331481698,14,21,10,:indeterminate
14,24,4,0.2730729332086525,14,20,5,:satisfiable
14,24,4,0.35268213412991023,14,20,5,:indeterminate
14,25,2,0.06797342957285135,14,19,1,:satisfiable
14,25,2,0.22102832264693062,14,19,4,:indeterminate
14,25,2,0.34320993264715766,14,22,7,:indeterminate
14,25,3,0.1844299488545933,14,19,5,:indeterminate
14,25,3,0.18786750340163438,14,19,4,:indeterminate
14,25,3,0.6435706531114179,14,18,12,:indeterminate
14,25,4,0.1599579767731059,14,19,2,:satisfiable
14,26,4,0.28521830461987624,14,22,11,:satisfiable
14,26,4,0.4479404250580517,14,18,3,:satisfiable
14,27,2,0.30030213468547506,14,22,7,:indeterminate
14,27,3,0.21324668443246717,14,22,4,:satisfiable
14,27,4,0.02282074181523926,14,19,1,:satisfiable
14,27,4,0.25239941374192476,14,22,5,:indeterminate
14,27,4,0.39345286009484326,14,21,10,:indeterminate
14,28,2,0.43870175475238216,14,23,15,:indeterminate
14,28,2,0.4831342028039954,14,21,8,:indeterminate
14,28,3,0.4892335903897562,14,26,17,:indeterminate
14,28,3,0.6387305279395312,14,22,12,:indeterminate
14,28,4,0.36960440971561564,14,21,8,:indeterminate
14,28,4,0.48639932463074587,14,24,15,:indeterminate
14,28,4,0.5512370931845528,14,23,12,:indeterminate
14,29,3,0.25477952534418197,14,19,4,:satisfiable
14,30,2,0.3088994866657811,14,25,6,:satisfiable
14,30,3,0.2594094511622422,14,23,10,:satisfiable
14,30,4,0.11453424548762288,14,23,3,:satisfiable
14,30,4,0.25515271742793727,14,24,7,:satisfiable
14,31,4,0.6143857819086025,14,25,17,:indeterminate
14,32,2,0.08661879151539394,14,22,2,:satisfiable
14,32,2,0.48591716781763344,14,24,8,:indeterminate
14,32,3,0.11811309102576917,14,24,3,:satisfiable
14,32,3,0.3395200062590022,14,24,11,:indeterminate
14,32,3,0.44512336581967454,14,21,9,:indeterminate
14,32,4,0.17959065161125767,14,25,5,:satisfiable
14,32,4,0.2464946236733504,14,24,6,:satisfiable
14,33,2,0.27342931912018303,14,29,8,:satisfiable
14,33,3,0.1589177858003256,14,27,6,:satisfiable
14,33,4,0.29720598112370455,14,23,6,:satisfiable
14,34,3,0.11298148138483073,14,20,2,:satisfiable
14,34,3,0.23069440772300545,14,23,8,:indeterminate
14,34,4,0.22318218812478854,14,23,5,:indeterminate
14,35,2,0.4268299387077718,14,26,17,:indeterminate
14,35,3,0.15776813566418002,14,26,6,:satisfiable
14,35,4,0.36220015241199105,14,27,16,:indeterminate
14,36,2,0.3797315926326161,14,31,21,:indeterminate
14,36,3,0.21342187643236613,14,28,8,:satisfiable
14,36,4,0.23616052960297662,14,29,9,:satisfiable
14,36,4,0.47205163362962654,14,26,13,:satisfiable
14,39,3,0.3183756041415427,14,24,11,:indeterminate
15,16,4,0.13496171078658661,15,14,3,:indeterminate
15,16,4,0.34470387534687047,15,15,5,:indeterminate
15,17,2,0.15325987653762121,15,16,3,:indeterminate
15,17,2,0.5061679721966946,15,16,7,:indeterminate
15,18,2,0.2697354671435018,15,17,9,:indeterminate
15,20,3,0.21678010665485178,15,18,6,:indeterminate
15,21,2,0.38318805882305157,15,19,6,:indeterminate
15,21,2,0.4236343598408013,15,18,6,:satisfiable
15,21,4,0.3753680775931371,15,18,10,:indeterminate
15,22,2,0.42240727369020625,15,20,5,:indeterminate
15,22,2,0.5358406453573767,15,19,15,:indeterminate
15,22,3,0.5404488369676735,15,19,13,:indeterminate
15,23,2,0.3321574276064178,15,17,6,:indeterminate
15,23,4,0.6146753436715899,15,22,10,:indeterminate
15,24,2,0.24249857898092494,15,18,6,:indeterminate
15,24,2,0.35089376099249775,15,21,9,:indeterminate
15,26,2,0.2366153463969121,15,20,6,:indeterminate
15,26,3,0.4289274734592185,15,19,8,:indeterminate
15,26,4,0.2614947400764655,15,20,6,:indeterminate
15,26,4,0.4716254135973477,15,20,13,:indeterminate
15,26,4,0.5764507212919568,15,19,12,:indeterminate
15,27,2,0.21319983891949312,15,25,5,:indeterminate
15,27,2,0.2145076635164692,15,21,4,:satisfiable
15,27,2,0.2633488600475658,15,21,4,:indeterminate
15,27,2,0.2795582613645819,15,23,12,:indeterminate
15,27,3,0.29997219622504806,15,20,8,:indeterminate
15,27,3,0.5487309536434665,15,24,19,:indeterminate
15,27,4,0.5593674650675535,15,19,14,:indeterminate
15,28,2,0.28090735318950405,15,22,9,:indeterminate
15,28,2,0.4061206171119502,15,24,13,:indeterminate
15,28,2,0.4905414908279757,15,24,10,:indeterminate
15,28,3,0.13875180082252106,15,22,3,:indeterminate
15,28,3,0.4791907732296558,15,23,8,:indeterminate
15,28,4,0.07482081861371521,15,24,1,:satisfiable
15,28,4,0.45647040119064625,15,16,10,:indeterminate
15,29,2,0.3244119388952746,15,19,9,:indeterminate
15,29,2,0.4705063983008033,15,22,10,:indeterminate
15,29,3,0.4837772630982866,15,25,11,:indeterminate
15,30,3,0.24782924234272166,15,21,6,:indeterminate
15,30,3,0.2956546670666082,15,24,10,:satisfiable
15,30,3,0.3412490305038515,15,25,13,:indeterminate
15,30,4,0.35650378443384373,15,25,11,:indeterminate
15,31,2,0.4456538407912684,15,26,13,:indeterminate
15,31,2,0.4623708435207569,15,26,15,:indeterminate
15,31,3,0.36018655600003885,15,25,9,:indeterminate
15,31,3,0.4626289433256607,15,26,10,:indeterminate
15,31,3,0.47164380840057757,15,24,11,:indeterminate
15,31,4,0.37304836434296545,15,27,13,:indeterminate
15,32,2,0.24754245103348674,15,22,6,:indeterminate
15,32,2,0.31842722857407063,15,24,13,:indeterminate
15,32,2,0.46223265296340293,15,24,10,:indeterminate
15,32,4,0.1078321828167826,15,25,6,:satisfiable
15,33,3,0.39458591535544746,15,26,14,:indeterminate
15,33,4,0.6399655314173393,15,26,17,:satisfiable
15,34,2,0.4093432067625907,15,26,13,:indeterminate
15,34,3,0.5139728303779844,15,30,13,:indeterminate
15,34,4,0.1808731857934456,15,27,8,:indeterminate
15,34,4,0.26149589968818415,15,26,8,:indeterminate
15,35,3,0.31869034105615773,15,26,8,:indeterminate
15,35,3,0.340273727887876,15,29,8,:indeterminate
15,35,4,0.056254641022529896,15,26,0,:satisfiable
15,35,4,0.2094782733074649,15,28,7,:satisfiable
15,36,2,0.3146521794782218,15,29,8,:satisfiable
15,36,2,0.3711590338643484,15,25,13,:indeterminate
15,36,2,0.4358860897153532,15,26,16,:indeterminate
15,37,2,0.0810386103691056,15,21,3,:indeterminate
15,37,2,0.4454198691340636,15,28,15,:indeterminate
15,37,3,0.2675136294592029,15,27,4,:satisfiable
15,37,4,0.10870684628822713,15,21,4,:indeterminate
15,38,4,0.1868569269401793,15,25,8,:indeterminate
15,38,4,0.37320718279594334,15,29,13,:indeterminate
15,41,3,0.47940598284065267,15,29,12,:indeterminate
15,42,4,0.5075794684103813,15,33,19,:indeterminate
16,17,3,0.3839108942740593,16,16,8,:indeterminate
16,18,2,0.5876655557901199,16,17,13,:indeterminate
16,19,4,0.3217839011304097,16,17,7,:indeterminate
16,19,4,0.399901604332005,16,17,6,:indeterminate
16,20,2,0.2388680200915285,16,18,6,:indeterminate
16,20,2,0.5178263127112245,16,19,13,:indeterminate
16,20,4,0.437211666600729,16,18,4,:indeterminate
16,21,3,0.3957809508783107,16,20,8,:indeterminate
16,21,4,0.43494683325660183,16,17,6,:indeterminate
16,22,2,0.22269468261037287,16,17,3,:indeterminate
16,23,4,0.3255883979974473,16,20,8,:indeterminate
16,23,4,0.3818258362722308,16,19,8,:indeterminate
16,24,2,0.3165917702239067,16,18,3,:satisfiable
16,24,2,0.3570313650360553,16,21,6,:indeterminate
16,24,2,0.5008405680449642,16,20,13,:indeterminate
16,24,4,0.28899410623738825,16,22,8,:indeterminate
16,24,4,0.46298063722125643,16,19,6,:indeterminate
16,25,2,0.24160312026312483,16,22,7,:indeterminate
16,25,2,0.3870738927260371,16,22,12,:indeterminate
16,25,4,0.414942962894089,16,23,9,:satisfiable
16,26,2,0.21503071787605774,16,22,8,:indeterminate
16,26,2,0.4065642474680729,16,23,5,:indeterminate
16,26,3,0.35832081424748646,16,21,5,:indeterminate
16,26,4,0.164650967003422,16,21,2,:indeterminate
16,27,2,0.10093954708347556,16,22,2,:satisfiable
16,27,4,0.08848922514693551,16,21,2,:indeterminate
16,28,2,0.29188284867813596,16,24,8,:indeterminate
16,28,3,0.32972855567623005,16,21,8,:indeterminate
16,28,3,0.38755617690319877,16,24,12,:indeterminate
16,28,3,0.4445826848242212,16,23,11,:indeterminate
16,28,4,0.19906160841936024,16,24,11,:indeterminate
16,29,2,0.48955210494797335,16,23,12,:indeterminate
16,29,3,0.19016326948640697,16,24,3,:indeterminate
16,29,3,0.3836405047725881,16,20,9,:indeterminate
16,29,4,0.1890797093943597,16,23,5,:indeterminate
16,29,4,0.2745159844536649,16,25,7,:indeterminate
16,30,3,0.28337563726201226,16,23,13,:indeterminate
16,30,3,0.5869099817877285,16,25,18,:indeterminate
16,31,2,0.47684430115374415,16,23,8,:indeterminate
16,31,3,0.2844309344136559,16,25,10,:indeterminate
16,31,3,0.32407850012755385,16,24,10,:indeterminate
16,31,4,0.41459064670450574,16,26,11,:indeterminate
16,31,4,0.4170526339209797,16,25,11,:indeterminate
16,32,2,0.3226451906575441,16,26,9,:satisfiable
16,32,3,0.17815240201129642,16,25,3,:satisfiable
16,32,3,0.4268959826462085,16,25,12,:indeterminate
16,32,4,0.06891906740734051,16,24,2,:satisfiable
16,33,2,0.2135933721793062,16,28,6,:satisfiable
16,33,2,0.25740882716124464,16,24,3,:satisfiable
16,33,3,0.24520631303652396,16,25,5,:satisfiable
16,33,3,0.2694698102697706,16,26,9,:indeterminate
16,33,3,0.36780273258645596,16,21,6,:indeterminate
16,33,4,0.3790250134651763,16,25,11,:indeterminate
16,33,4,0.3997243867877474,16,25,12,:indeterminate
16,33,4,0.4974886162777857,16,27,16,:indeterminate
16,34,2,0.13141624443141806,16,30,5,:indeterminate
16,34,2,0.30806114738870144,16,26,9,:indeterminate
16,34,2,0.44079050639115414,16,26,14,:satisfiable
16,34,2,0.4853975671218551,16,28,14,:indeterminate
16,34,3,0.2943724245252055,16,26,10,:indeterminate
16,34,4,0.17939884792969532,16,26,3,:satisfiable
16,35,3,0.07869446219558189,16,27,6,:satisfiable
16,35,3,0.33909315675543095,16,29,12,:satisfiable
16,36,2,0.18119360430784281,16,30,8,:satisfiable
16,36,2,0.20205472118409998,16,28,11,:indeterminate
16,36,3,0.3256845226004281,16,25,9,:indeterminate
16,37,2,0.2892651395057166,16,28,10,:indeterminate
16,37,3,0.4540757028178282,16,29,10,:indeterminate
16,38,3,0.26861884264779917,16,29,12,:indeterminate
16,39,2,0.5237685471521883,16,26,13,:indeterminate
16,39,3,0.35283908305532147,16,34,15,:indeterminate
16,40,2,0.29195674806978605,16,28,9,:indeterminate
16,40,2,0.31243984803819286,16,32,11,:satisfiable
16,40,2,0.46779111223674036,16,30,16,:indeterminate
16,41,2,0.2599625751772014,16,30,14,:indeterminate
16,41,3,0.4742426130682121,16,23,10,:indeterminate
16,41,4,0.16840761352742392,16,26,5,:indeterminate
16,43,2,0.17683900989405435,16,29,6,:satisfiable
16,44,2,0.2704439070001335,16,27,5,:satisfiable
16,44,3,0.028870466095150277,16,32,1,:satisfiable
16,44,3,0.10282814145594328,16,28,4,:satisfiable
17,17,4,0.41469808999391383,17,16,6,:indeterminate
17,18,4,0.439715536710245,17,17,11,:indeterminate
17,20,2,0.0901789635649786,17,19,3,:indeterminate
17,20,3,0.13933666604406422,17,18,3,:indeterminate
17,21,2,0.21488021242476818,17,19,5,:indeterminate
17,21,3,0.3487413615973824,17,18,8,:indeterminate
17,21,4,0.2897656753654795,17,20,3,:satisfiable
17,23,4,0.12607912733078083,17,20,3,:indeterminate
17,24,2,0.36841253455880646,17,19,8,:indeterminate
17,25,2,0.42529587490295073,17,22,9,:satisfiable
17,25,4,0.4690513769631049,17,22,12,:indeterminate
17,26,3,0.1470857393859162,17,22,5,:indeterminate
17,26,3,0.4416550681336939,17,22,13,:indeterminate
17,26,4,0.2632892627729606,17,24,7,:satisfiable
17,27,2,0.1346740810095702,17,21,7,:indeterminate
17,27,3,0.23156911373928932,17,23,8,:indeterminate
17,27,4,0.1539948857533506,17,23,1,:satisfiable
17,28,2,0.5097180898008796,17,25,18,:indeterminate
17,28,3,0.3010842933323184,17,25,11,:indeterminate
17,28,3,0.4587432677585855,17,24,13,:indeterminate
17,28,4,0.5283196926027557,17,26,13,:indeterminate
17,29,2,0.2718711397555555,17,20,5,:indeterminate
17,29,3,0.4103333454222031,17,25,13,:indeterminate
17,29,4,0.40290096095629213,17,25,9,:indeterminate
17,29,4,0.5601794929159228,17,22,6,:indeterminate
17,30,2,0.10568333689632355,17,27,2,:satisfiable
17,30,2,0.2903071390567405,17,25,12,:indeterminate
17,30,2,0.6422829509975149,17,28,16,:indeterminate
17,30,3,0.2757214646136719,17,24,4,:indeterminate
17,30,4,0.03379367342724141,17,25,2,:satisfiable
17,30,4,0.31257887321703276,17,27,15,:indeterminate
17,31,3,0.150682224012626,17,24,5,:satisfiable
17,31,3,0.21567061879515093,17,25,7,:indeterminate
17,31,4,0.22182895275026981,17,25,2,:indeterminate
17,31,4,0.25093611965909773,17,25,8,:indeterminate
17,31,4,0.4903294145512362,17,25,14,:indeterminate
17,32,2,0.15046852292589538,17,27,6,:indeterminate
17,32,2,0.3232744804718481,17,27,6,:satisfiable
17,32,3,0.49775239813813615,17,26,17,:indeterminate
17,32,4,0.3689335809821494,17,25,11,:indeterminate
17,32,4,0.4608869031470251,17,27,10,:indeterminate
17,33,2,0.1648834568096265,17,25,9,:indeterminate
17,33,2,0.19371620866528472,17,27,8,:indeterminate
17,33,2,0.22269554787638132,17,29,8,:indeterminate
17,33,2,0.31959560927248115,17,24,11,:indeterminate
17,33,4,0.35481457930394766,17,27,13,:indeterminate
17,33,4,0.3755156424469783,17,28,9,:indeterminate
17,34,2,0.12372243770042601,17,26,5,:satisfiable
17,34,2,0.32434541188392424,17,30,14,:indeterminate
17,34,3,0.3486784636892164,17,30,17,:indeterminate
17,34,4,0.060810758999088534,17,29,2,:satisfiable
17,34,4,0.28386498728379,17,27,7,:indeterminate
17,35,2,0.41682261953184935,17,28,9,:satisfiable
17,35,3,0.22212149370942183,17,25,8,:indeterminate
17,35,4,0.060510946827638766,17,25,3,:satisfiable
17,35,4,0.4323562150945824,17,31,19,:indeterminate
17,36,3,0.4146858925607811,17,33,17,:indeterminate
17,36,3,0.44561930143334977,17,30,13,:indeterminate
17,36,3,0.5350298937511608,17,26,15,:indeterminate
17,36,4,0.30858410699976796,17,27,11,:indeterminate
17,37,2,0.19520207042331664,17,30,5,:satisfiable
17,37,3,0.22234395363188794,17,32,13,:indeterminate
17,37,3,0.35843283514920854,17,29,11,:satisfiable
17,37,3,0.4110125580976942,17,29,15,:indeterminate
17,38,2,0.4794144355044508,17,34,20,:indeterminate
17,38,3,0.33339199132506536,17,31,13,:indeterminate
17,38,4,0.12115462045392637,17,28,3,:indeterminate
17,39,2,0.49888914700823445,17,30,13,:indeterminate
17,39,2,0.6089106744246001,17,25,18,:indeterminate
17,39,3,0.2366664477707331,17,29,7,:satisfiable
17,39,3,0.2564883306458134,17,28,8,:satisfiable
17,39,4,0.20201328536218166,17,31,9,:indeterminate
17,40,2,0.14009702188050702,17,29,3,:satisfiable
17,40,2,0.3898149473349797,17,31,14,:indeterminate
17,40,4,0.13745924968792314,17,33,2,:satisfiable
17,41,2,0.4232994212835394,17,34,18,:satisfiable
17,41,2,0.4736955089544778,17,33,15,:indeterminate
17,41,2,0.5586297814642882,17,33,23,:indeterminate
17,43,3,0.10297470015330108,17,32,2,:satisfiable
17,43,3,0.10815627415435584,17,29,0,:satisfiable
17,43,4,0.5202118318661049,17,33,17,:indeterminate
17,44,3,0.3684903260871122,17,30,13,:indeterminate
17,45,4,0.3362452465580228,17,35,10,:satisfiable
17,45,4,0.4929658184171178,17,33,16,:indeterminate
17,46,4,0.3616746651573508,17,32,12,:indeterminate
17,47,2,0.41868771906061997,17,32,11,:indeterminate
18,19,2,0.19052479826107596,18,17,2,:indeterminate
18,20,4,0.25599099024873956,18,19,6,:indeterminate
18,20,4,0.5072253830183031,18,19,9,:indeterminate
18,21,2,0.08305001005558026,18,20,4,:indeterminate
18,21,2,0.2403617459230366,18,20,5,:indeterminate
18,22,3,0.2543058455066666,18,20,6,:indeterminate
18,22,4,0.12660846633333708,18,21,2,:indeterminate
18,22,4,0.290969383754626,18,20,9,:indeterminate
18,22,4,0.452012625785622,18,21,8,:indeterminate
18,23,2,0.20549527769680717,18,22,5,:indeterminate
18,23,3,0.23891114161531044,18,19,6,:indeterminate
18,23,3,0.4055090198811231,18,20,7,:indeterminate
18,25,2,0.2672666207227884,18,21,4,:indeterminate
18,25,3,0.12440892122524605,18,21,1,:satisfiable
18,25,4,0.33152851599189553,18,22,9,:indeterminate
18,26,3,0.3303258355173626,18,22,8,:indeterminate
18,26,3,0.5831256718229617,18,23,12,:indeterminate
18,26,4,0.30320778582115787,18,23,6,:indeterminate
18,27,2,0.19892875687242104,18,20,2,:indeterminate
18,27,3,0.1929945257500024,18,25,6,:indeterminate
18,28,2,0.23586537690293255,18,24,5,:indeterminate
18,29,4,0.26037580711834046,18,24,7,:indeterminate
18,29,4,0.44307080927120523,18,24,12,:indeterminate
18,31,3,0.1691470466670407,18,26,9,:satisfiable
18,31,3,0.25946421755572446,18,24,6,:indeterminate
18,31,4,0.2644179156650471,18,25,4,:indeterminate
18,31,4,0.279960058018079,18,27,6,:satisfiable
18,32,2,0.12090522057203919,18,27,7,:indeterminate
18,32,2,0.21355705474219067,18,26,5,:indeterminate
18,32,2,0.5655342457096563,18,28,16,:indeterminate
18,32,4,0.14579691688950158,18,26,5,:indeterminate
18,32,4,0.46168852460216964,18,29,21,:indeterminate
18,33,3,0.3858328368283314,18,28,7,:satisfiable
18,33,4,0.27399083982373923,18,24,5,:indeterminate
18,34,4,0.33845129748182684,18,30,15,:indeterminate
18,34,4,0.3419977546477826,18,29,17,:indeterminate
18,35,2,0.2847089502335087,18,27,10,:indeterminate
18,36,3,0.3106530243987082,18,31,11,:satisfiable
18,36,3,0.356456028911544,18,26,10,:indeterminate
18,36,3,0.42204649844853837,18,27,11,:indeterminate
18,36,4,0.4039350954461512,18,31,11,:indeterminate
18,36,4,0.4608146829442152,18,26,11,:indeterminate
18,36,4,0.5905942627234607,18,28,21,:indeterminate
18,37,2,0.30859550126654883,18,27,10,:indeterminate
18,37,3,0.5169233836332611,18,23,13,:indeterminate
18,37,3,0.6272343560218704,18,32,22,:indeterminate
18,38,2,0.5131855275557483,18,32,22,:indeterminate
18,38,3,0.32070795730192875,18,31,13,:satisfiable
18,38,3,0.4792934101454729,18,28,16,:indeterminate
18,38,4,0.07375185439170662,18,28,1,:satisfiable
18,39,2,0.34277517374269006,18,33,15,:indeterminate
18,39,2,0.36221021764566613,18,29,7,:satisfiable
18,39,3,0.270534997340861,18,31,7,:satisfiable
18,39,4,0.5725087159651344,18,31,20,:indeterminate
18,40,2,0.35050514966448465,18,30,10,:indeterminate
18,40,3,0.2641460411654642,18,27,8,:indeterminate
18,40,4,0.4801712154250339,18,26,13,:indeterminate
18,41,2,0.062401126515781856,18,31,2,:satisfiable
18,41,2,0.41958510495477935,18,30,10,:indeterminate
18,42,2,0.175111953964474,18,34,7,:indeterminate
18,42,4,0.18820253173246246,18,30,7,:satisfiable
18,42,4,0.4446822496434775,18,30,15,:indeterminate
18,42,4,0.48636552008887773,18,33,15,:satisfiable
18,43,2,0.10476921728041973,18,34,3,:satisfiable
18,43,2,0.22393969795668736,18,31,7,:indeterminate
18,43,2,0.5419715634903616,18,34,23,:indeterminate
18,44,2,0.3885350059396499,18,35,18,:satisfiable
18,45,2,0.32953469738808555,18,31,8,:satisfiable
18,46,3,0.2158170396779537,18,38,22,:indeterminate
18,47,3,0.33703264480541123,18,29,9,:satisfiable
18,47,4,0.25018096491571423,18,29,7,:indeterminate
18,47,4,0.49133025241013123,18,29,14,:indeterminate
18,48,4,0.31763409717317853,18,38,18,:indeterminate
19,20,2,0.13405713097837246,19,18,2,:indeterminate
19,22,3,0.3083843669774714,19,20,6,:indeterminate
19,24,3,0.45851675882371784,19,23,9,:indeterminate
19,24,4,0.5174462528882787,19,22,12,:indeterminate
19,25,3,0.486668052148486,19,23,11,:indeterminate
19,25,4,0.3959536306706246,19,21,7,:indeterminate
19,28,3,0.25698517012601835,19,23,6,:indeterminate
19,28,3,0.35417144163097153,19,26,11,:indeterminate
19,28,4,0.4865762972900261,19,25,11,:indeterminate
19,29,2,0.34059624733936616,19,26,11,:indeterminate
19,30,2,0.5152007310293726,19,26,15,:indeterminate
19,30,3,0.3121548794185748,19,26,12,:indeterminate
19,30,4,0.19332662930848907,19,28,8,:indeterminate
19,30,4,0.5612599403028546,19,25,12,:indeterminate
19,31,2,0.28996235134505244,19,27,12,:indeterminate
19,31,3,0.193593994608755,19,27,5,:satisfiable
19,31,4,0.2477535794959815,19,25,8,:indeterminate
19,32,3,0.21317038666502255,19,27,10,:indeterminate
19,32,4,0.3216095149425365,19,29,10,:indeterminate
19,33,2,0.19317165410126946,19,28,7,:indeterminate
19,33,2,0.5631741710744395,19,25,11,:indeterminate
19,33,4,0.35542291791134867,19,30,10,:indeterminate
19,34,2,0.3188787507823639,19,27,11,:indeterminate
19,34,2,0.42123704781502713,19,27,10,:indeterminate
19,34,4,0.2160787890907311,19,30,8,:indeterminate
19,35,3,0.2285784414979453,19,27,5,:indeterminate
19,35,4,0.41312036211629266,19,29,15,:indeterminate
19,35,4,0.4139493498572455,19,30,18,:indeterminate
19,36,2,0.0592496005985785,19,31,3,:indeterminate
19,36,2,0.33927495363927784,19,28,8,:satisfiable
19,36,2,0.4058644857496707,19,30,12,:indeterminate
19,36,3,0.1538469943180557,19,29,3,:satisfiable
19,36,4,0.26612697563155135,19,27,12,:indeterminate
19,36,4,0.39441646655188317,19,29,9,:indeterminate
19,37,2,0.21396196229835004,19,31,5,:indeterminate
19,37,2,0.42112407996152285,19,28,16,:indeterminate
19,37,3,0.1619354741300714,19,28,5,:indeterminate
19,37,3,0.1986011338928528,19,29,7,:indeterminate
19,37,3,0.4166044273732416,19,30,17,:indeterminate
19,37,4,0.4388024890435483,19,33,18,:indeterminate
19,38,3,0.30995691606014797,19,31,16,:indeterminate
19,38,4,0.36756240479930574,19,34,9,:indeterminate
19,38,4,0.43002917537164986,19,30,17,:indeterminate
19,39,2,0.3512998466734285,19,30,14,:indeterminate
19,39,2,0.4344835359126212,19,33,15,:indeterminate
19,39,3,0.33940158281210503,19,29,15,:indeterminate
19,39,3,0.4117249711058941,19,34,17,:indeterminate
19,39,3,0.6107382187473983,19,34,26,:indeterminate
19,39,4,0.2763982950919739,19,32,17,:indeterminate
19,40,2,0.3530330588562085,19,31,14,:indeterminate
19,40,4,0.29631663735593067,19,32,8,:indeterminate
19,41,2,0.15747746666660453,19,28,0,:satisfiable
19,41,3,0.3260506379477805,19,32,17,:indeterminate
19,42,2,0.4687831754926782,19,33,16,:indeterminate
19,42,3,0.2621195007124606,19,35,11,:indeterminate
19,42,4,0.16359096080291402,19,28,7,:indeterminate
19,42,4,0.19558305277304344,19,29,6,:satisfiable
19,43,3,0.3408348082657498,19,35,16,:indeterminate
19,44,3,0.4232153165635071,19,35,14,:indeterminate
19,44,3,0.4718927141831586,19,36,17,:satisfiable
19,44,4,0.1949460086061365,19,33,6,:satisfiable
19,45,2,0.09505862445090185,19,34,7,:satisfiable
19,45,2,0.2960001824868029,19,39,17,:indeterminate
19,47,4,0.5439962721374422,19,31,17,:indeterminate
19,48,2,0.10558624931255607,19,38,3,:satisfiable
19,49,2,0.13099604637852877,19,37,6,:satisfiable
19,49,4,0.4014011280951701,19,37,22,:indeterminate
19,49,4,0.4363310512080492,19,39,27,:indeterminate
19,50,3,0.4474960134193145,19,32,13,:indeterminate
19,51,4,0.35218164035250227,19,35,17,:indeterminate
19,52,2,0.2775917975609204,19,36,12,:indeterminate
2,2,2,0.20880795712748237,2,1,0,:satisfiable
2,2,2,0.562179602349417,2,1,1,:indeterminate
2,3,2,0.14681780594863506,2,1,0,:satisfiable
2,3,2,0.3143237072254718,2,2,0,:satisfiable
2,3,2,0.5226077130984682,2,2,2,:indeterminate
2,3,3,0.2123880727898099,2,2,0,:satisfiable
2,3,3,0.28428611201997717,2,2,1,:satisfiable
2,3,3,0.4041503928988999,2,2,1,:indeterminate
2,3,3,0.4238796735511075,2,2,0,:satisfiable
2,3,3,0.5052864738813705,2,2,1,:indeterminate
2,3,4,0.1053214961392116,2,2,1,:satisfiable
2,3,4,0.33188696355048475,2,2,0,:satisfiable
2,3,4,0.4030012893450398,2,2,2,:indeterminate
2,3,4,0.44642702644906773,2,2,1,:indeterminate
2,4,2,0.2551753295891183,2,2,0,:satisfiable
2,4,3,0.5421925648953354,2,2,0,:satisfiable
2,4,4,0.3355108618858161,2,2,0,:satisfiable
2,4,4,0.5056805346448603,2,2,0,:satisfiable
20,20,3,0.2956390131015104,20,19,4,:indeterminate
20,25,2,0.13687526583354734,20,24,3,:indeterminate
20,25,2,0.21480796489116294,20,23,6,:indeterminate
20,25,2,0.3315737903344625,20,22,6,:indeterminate
20,27,2,0.2108136092173498,20,24,3,:indeterminate
20,27,3,0.5363804264549642,20,25,14,:indeterminate
20,27,4,0.5017102137079773,20,25,13,:indeterminate
20,28,3,0.2794734711149656,20,24,9,:indeterminate
20,28,4,0.22186971952642032,20,21,5,:indeterminate
20,30,2,0.2320743500502357,20,26,6,:indeterminate
20,30,3,0.2554124739122411,20,26,7,:indeterminate
20,30,3,0.30398242261063907,20,23,9,:indeterminate
20,31,3,0.3258568308032069,20,28,7,:indeterminate
20,32,2,0.330251333962072,20,27,6,:indeterminate
20,32,3,0.2717363616031689,20,28,12,:indeterminate
20,33,2,0.37781532401983126,20,29,10,:indeterminate
20,33,3,0.41662512985813144,20,30,14,:indeterminate
20,33,3,0.46655538838531946,20,29,15,:indeterminate
20,34,2,0.1726858575281025,20,29,8,:indeterminate
20,35,2,0.41609866828672676,20,29,17,:indeterminate
20,35,4,0.47311937799443377,20,31,13,:indeterminate
20,36,2,0.31881179568212353,20,29,11,:satisfiable
20,36,4,0.3621716427412385,20,27,14,:indeterminate
20,36,4,0.5876189556324082,20,28,18,:indeterminate
20,37,2,0.30396497975205383,20,31,11,:indeterminate
20,37,2,0.3206420741302644,20,30,14,:indeterminate
20,37,3,0.2141496158388164,20,30,11,:indeterminate
20,37,3,0.3589641612439039,20,28,11,:indeterminate
20,37,3,0.5632518617983815,20,32,21,:indeterminate
20,38,3,0.5506975711613554,20,33,17,:indeterminate
20,38,3,0.6016231602735441,20,26,12,:indeterminate
20,38,4,0.3125965319741308,20,31,10,:indeterminate
20,39,2,0.2861015792470442,20,32,7,:satisfiable
20,39,2,0.42052219453407574,20,31,12,:indeterminate
20,39,3,0.25295984419797374,20,27,9,:indeterminate
20,39,3,0.5662979810352725,20,29,21,:indeterminate
20,39,4,0.13115517311064098,20,30,4,:satisfiable
20,39,4,0.1926892807491831,20,34,11,:satisfiable
20,39,4,0.4581176885321245,20,32,21,:indeterminate
20,40,2,0.48052233100841185,20,31,16,:indeterminate
20,40,3,0.3446521686138387,20,31,10,:indeterminate
20,40,4,0.094967877705963,20,33,5,:satisfiable
20,41,2,0.06708492074899641,20,30,4,:indeterminate
20,41,2,0.19649467413646807,20,31,5,:satisfiable
20,41,2,0.25400472078598463,20,36,13,:indeterminate
20,41,2,0.533505862532819,20,34,18,:satisfiable
20,41,3,0.32575306803359766,20,32,11,:indeterminate
20,41,3,0.581052794854361,20,30,23,:indeterminate
20,41,4,0.20129649534397961,20,33,10,:indeterminate
20,41,4,0.40517213007369274,20,33,17,:indeterminate
20,41,4,0.4412976413329535,20,36,17,:indeterminate
20,42,3,0.523002431518322,20,32,18,:indeterminate
20,42,3,0.5746481927657566,20,32,17,:indeterminate
20,43,2,0.06417506169489424,20,35,3,:satisfiable
20,43,2,0.42727405955981396,20,37,22,:indeterminate
20,43,2,0.5764132883794528,20,33,17,:indeterminate
20,43,4,0.05430577940974812,20,32,3,:indeterminate
20,43,4,0.28851658715254763,20,36,10,:indeterminate
20,43,4,0.46285697575264284,20,36,21,:indeterminate
20,45,2,0.3845223543436855,20,34,16,:indeterminate
20,45,4,0.23856028099478102,20,41,13,:satisfiable
20,45,4,0.284375268289116,20,34,14,:indeterminate
20,45,4,0.45620361278568966,20,35,17,:satisfiable
20,46,3,0.06260239767666058,20,31,2,:satisfiable
20,46,3,0.16175596471664355,20,37,7,:satisfiable
20,46,3,0.340420675316256,20,38,18,:indeterminate
20,46,3,0.4669140190373266,20,41,27,:indeterminate
20,46,4,0.23741903381424997,20,38,18,:indeterminate
20,47,2,0.4302638683644842,20,37,18,:satisfiable
20,47,4,0.22886961235428663,20,33,4,:satisfiable
20,48,2,0.22096368489200235,20,36,8,:indeterminate
20,48,2,0.5030891640674922,20,36,17,:indeterminate
20,48,2,0.6115633926478844,20,42,32,:indeterminate
20,48,4,0.1799482515794196,20,37,12,:indeterminate
20,48,4,0.34884652379581266,20,39,23,:indeterminate
20,49,2,0.06941902940746347,20,34,5,:indeterminate
20,49,2,0.2618763506049997,20,40,16,:satisfiable
20,49,3,0.31422376245190164,20,36,15,:indeterminate
20,50,2,0.3003017520495055,20,37,10,:satisfiable
20,50,3,0.26775882679642043,20,36,8,:satisfiable
20,51,2,0.47699083217956506,20,40,22,:indeterminate
20,51,3,0.5554855482290534,20,40,26,:indeterminate
20,52,3,0.2599230629706499,20,37,14,:indeterminate
20,53,4,0.3579550729614737,20,35,22,:indeterminate
20,53,4,0.5216612295852987,20,38,20,:indeterminate
20,54,2,0.22028073410752447,20,35,13,:indeterminate
20,55,2,0.27637982495336477,20,39,18,:indeterminate
21,22,3,0.3588936015879658,21,21,8,:indeterminate
21,24,2,0.24940215825349651,21,22,6,:indeterminate
21,25,2,0.20194507843084097,21,22,8,:indeterminate
21,26,2,0.465229952833226,21,25,11,:indeterminate
21,26,4,0.5537756510485662,21,24,14,:indeterminate
21,29,3,0.09294389764386697,21,26,4,:indeterminate
21,29,3,0.3640486505641986,21,24,9,:indeterminate
21,29,3,0.3695824927317735,21,26,12,:indeterminate
21,29,4,0.1509793022613892,21,26,5,:indeterminate
21,30,2,0.3171387941687921,21,26,6,:indeterminate
21,30,3,0.2575715863309033,21,27,5,:indeterminate
21,30,3,0.31491919305123767,21,28,11,:indeterminate
21,30,4,0.04543057837362744,21,28,1,:satisfiable
21,30,4,0.10836857181627498,21,27,2,:indeterminate
21,30,4,0.5482931793192604,21,26,14,:indeterminate
21,31,3,0.37525244730117907,21,26,7,:indeterminate
21,31,3,0.468412990935624,21,25,9,:satisfiable
21,31,4,0.3532920966592456,21,26,9,:indeterminate
21,32,3,0.5793127312889007,21,28,14,:indeterminate
21,33,2,0.14602433921608501,21,30,3,:satisfiable
21,33,4,0.18913120966981864,21,29,2,:satisfiable
21,33,4,0.5435250421807064,21,28,18,:indeterminate
21,34,4,0.4209179099936859,21,30,17,:indeterminate
21,35,3,0.17076365849342914,21,26,5,:indeterminate
21,35,3,0.3817557098452207,21,32,15,:indeterminate
21,35,3,0.49616771745000693,21,30,15,:indeterminate
21,35,3,0.563194250236952,21,31,17,:indeterminate
21,36,4,0.4781044112475517,21,32,16,:indeterminate
21,37,4,0.3619007500360585,21,33,15,:indeterminate
21,38,2,0.3297919658255451,21,28,8,:indeterminate
21,38,3,0.6279962499016523,21,33,23,:indeterminate
21,39,2,0.27257470214918555,21,34,7,:indeterminate
21,39,2,0.38188021493440916,21,34,18,:indeterminate
21,39,4,0.20878010236754996,21,29,3,:satisfiable
21,39,4,0.5149279649031576,21,32,20,:indeterminate
21,40,2,0.40220853312510824,21,33,9,:indeterminate
21,40,3,0.2856112322169279,21,33,10,:satisfiable
21,40,3,0.45383908645173654,21,31,19,:indeterminate
21,41,2,0.5407682958855323,21,35,21,:indeterminate
21,41,3,0.3071059964031771,21,33,10,:indeterminate
21,41,3,0.3940123305295164,21,36,14,:indeterminate
21,41,4,0.26230315103620505,21,34,14,:indeterminate
21,43,2,0.12961073508819107,21,33,5,:satisfiable
21,44,2,0.3157567868787945,21,30,10,:indeterminate
21,44,3,0.2773097221883308,21,32,10,:indeterminate
21,44,3,0.4180549676806691,21,34,15,:indeterminate
21,45,4,0.3620914653387093,21,38,19,:indeterminate
21,45,4,0.38336064938767517,21,33,14,:satisfiable
21,46,2,0.35631059145280325,21,34,16,:satisfiable
21,46,3,0.23560078201228885,21,38,12,:indeterminate
21,47,2,0.5325332663347434,21,38,21,:indeterminate
21,47,2,0.5800817545942861,21,41,31,:indeterminate
21,47,4,0.42927156724888077,21,39,18,:indeterminate
21,48,2,0.33249146415323844,21,39,17,:indeterminate
21,48,3,0.4656389374774233,21,41,20,:indeterminate
21,48,3,0.49194524451492194,21,38,22,:indeterminate
21,49,3,0.4290429246238894,21,40,21,:indeterminate
21,49,4,0.1888136967533521,21,38,13,:indeterminate
21,50,3,0.3736674999109149,21,40,26,:indeterminate
21,50,4,0.5157412407307067,21,36,21,:indeterminate
21,51,4,0.3968949979212035,21,38,21,:indeterminate
21,52,2,0.16811843864989942,21,38,9,:indeterminate
21,52,2,0.29172681711865844,21,40,10,:satisfiable
21,52,2,0.5525242909501676,21,36,23,:indeterminate
21,52,4,0.3151488939781462,21,39,17,:indeterminate
21,54,2,0.35154392554603814,21,47,20,:satisfiable
21,54,4,0.3637791428923507,21,47,24,:indeterminate
21,55,2,0.10615566912613732,21,42,7,:satisfiable
21,55,4,0.21575675212397946,21,38,5,:satisfiable
21,55,4,0.264426584069349,21,35,6,:satisfiable
21,55,4,0.3342108760595955,21,37,13,:indeterminate
21,56,3,0.08628914163601094,21,37,8,:indeterminate
21,57,4,0.29031332983588803,21,48,20,:indeterminate
21,59,3,0.31273037049580393,21,41,13,:indeterminate
21,59,4,0.39903141153210675,21,41,19,:indeterminate
22,23,4,0.37168724348707216,22,22,6,:indeterminate
22,30,2,0.06458706509662593,22,27,0,:satisfiable
22,32,2,0.38908562591024304,22,27,9,:indeterminate
22,34,3,0.34929907642677066,22,29,14,:indeterminate
22,34,4,0.368174124272592,22,30,10,:satisfiable
22,36,4,0.21220681713891845,22,27,3,:indeterminate
22,36,4,0.32634110148406525,22,30,12,:indeterminate
22,37,2,0.5017991764882815,22,30,18,:indeterminate
22,37,3,0.09816913448028726,22,29,2,:satisfiable
22,37,3,0.3316756123348817,22,31,9,:satisfiable
22,38,2,0.4655039163158914,22,33,16,:indeterminate
22,38,3,0.5552673109651688,22,29,20,:indeterminate
22,39,3,0.30326612216087523,22,34,15,:indeterminate
22,39,4,0.3689223944442654,22,28,6,:indeterminate
22,40,4,0.21078130247677695,22,35,10,:indeterminate
22,41,3,0.43507451742157616,22,30,10,:indeterminate
22,41,4,0.21878223723457665,22,32,6,:satisfiable
22,43,2,0.22256604796588175,22,32,5,:satisfiable
22,43,2,0.41292294009363983,22,40,23,:indeterminate
22,43,3,0.15494715329439987,22,36,7,:indeterminate
22,43,4,0.4367809271358707,22,37,17,:indeterminate
22,43,4,0.46093542115630326,22,38,21,:indeterminate
22,44,2,0.46899309173608755,22,38,22,:indeterminate
22,44,3,0.38815579452836707,22,36,14,:indeterminate
22,44,4,0.31096451107661155,22,40,14,:indeterminate
22,45,4,0.3241107946733714,22,36,11,:indeterminate
22,45,4,0.4548435882056238,22,36,19,:indeterminate
22,45,4,0.6614739717806365,22,37,26,:indeterminate
22,46,4,0.5872404230602853,22,37,26,:indeterminate
22,47,2,0.12673364988466895,22,38,8,:indeterminate
22,47,3,0.09862055816007505,22,34,5,:indeterminate
22,47,3,0.3296228254810296,22,33,11,:indeterminate
22,47,4,0.3449834092200497,22,38,17,:indeterminate
22,47,4,0.5307919739572187,22,39,20,:indeterminate
22,50,2,0.3369925507233987,22,36,14,:indeterminate
22,50,2,0.38030560896434307,22,42,18,:satisfiable
22,50,3,0.5524925073878718,22,40,23,:indeterminate
22,50,4,0.18697990128404748,22,39,11,:satisfiable
22,51,4,0.2741264738948988,22,36,20,:indeterminate
22,51,4,0.2760299526745821,22,43,12,:satisfiable
22,54,2,0.3687711393932637,22,44,10,:satisfiable
22,55,3,0.2865156677422637,22,38,11,:indeterminate
22,55,3,0.41556410237523433,22,42,21,:indeterminate
22,56,2,0.32048031162136015,22,44,22,:satisfiable
22,56,4,0.5289239793864783,22,42,24,:indeterminate
22,57,2,0.2880778941459046,22,43,12,:indeterminate
22,57,4,0.49236029073751575,22,37,12,:indeterminate
22,58,2,0.12094718893011673,22,48,5,:satisfiable
23,24,3,0.37315687947252235,23,23,8,:indeterminate
23,26,3,0.15594283335774328,23,25,4,:satisfiable
23,28,3,0.07638586983898639,23,24,2,:indeterminate
23,28,3,0.12427671182107247,23,26,4,:indeterminate
23,28,4,0.3374665376941928,23,25,7,:indeterminate
23,30,2,0.32423503780659296,23,28,16,:indeterminate
23,30,3,0.22727241678974208,23,29,10,:indeterminate
23,31,2,0.40966582550137237,23,28,13,:indeterminate
23,34,3,0.2913744385413022,23,27,5,:indeterminate
23,36,4,0.48432873232593304,23,31,19,:indeterminate
23,37,2,0.33655152210397343,23,34,12,:indeterminate
23,37,4,0.2797070146290327,23,31,10,:indeterminate
23,38,3,0.36518719994926235,23,32,9,:indeterminate
23,39,4,0.5596721873812595,23,32,16,:indeterminate
23,40,2,0.21309961896688404,23,33,6,:indeterminate
23,40,2,0.41526905380636164,23,35,22,:indeterminate
23,40,3,0.32099425143778165,23,34,12,:satisfiable
23,40,4,0.404028740627332,23,32,14,:indeterminate
23,41,2,0.17330650055501298,23,32,7,:indeterminate
23,41,3,0.407477859345098,23,36,18,:indeterminate
23,42,2,0.12995523915202803,23,33,4,:satisfiable
23,42,2,0.3191920995843453,23,30,14,:indeterminate
23,42,2,0.33932656486564444,23,34,6,:indeterminate
23,42,4,0.2384027678631617,23,34,11,:indeterminate
23,42,4,0.4448137220038695,23,36,15,:indeterminate
23,44,2,0.1675141182125824,23,31,5,:indeterminate
23,44,2,0.26308539591165064,23,33,8,:indeterminate
23,44,2,0.32555915787000117,23,35,14,:indeterminate
23,44,2,0.4241476982183139,23,36,15,:indeterminate
23,44,3,0.2504176736985622,23,38,12,:indeterminate
23,44,4,0.28793064814309394,23,38,10,:indeterminate
23,45,3,0.19110938415353648,23,34,9,:indeterminate
23,45,3,0.25815267205382064,23,39,18,:indeterminate
23,46,2,0.2592027001375321,23,35,9,:indeterminate
23,46,3,0.288660789402403,23,38,20,:indeterminate
23,47,2,0.24848187013341141,23,41,12,:indeterminate
23,47,3,0.43216121383092726,23,40,19,:indeterminate
23,47,3,0.5249276885758504,23,42,20,:indeterminate
23,48,3,0.20965072841522092,23,40,13,:indeterminate
23,49,2,0.4276740652770681,23,41,17,:indeterminate
23,49,4,0.504757111227824,23,42,27,:indeterminate
23,50,4,0.2187625445322523,23,36,5,:satisfiable
23,50,4,0.5092068725871717,23,41,27,:indeterminate
23,51,2,0.0897401445414352,23,32,2,:satisfiable
23,51,2,0.1827080120827588,23,40,11,:satisfiable
23,51,2,0.33859959028352477,23,37,12,:indeterminate
23,51,2,0.3766527454752618,23,39,24,:indeterminate
23,51,3,0.4733677467370243,23,38,19,:indeterminate
23,51,4,0.37302058497008983,23,37,8,:indeterminate
23,52,2,0.42423166098476145,23,45,28,:indeterminate
23,53,4,0.1884364651553074,23,45,8,:satisfiable
23,53,4,0.23494176917330323,23,38,8,:indeterminate
23,54,2,0.3343692304639914,23,42,15,:indeterminate
23,54,4,0.23364230871333969,23,35,8,:indeterminate
23,55,4,0.4437696074484813,23,38,22,:indeterminate
23,55,4,0.46085918477119786,23,42,24,:indeterminate
23,56,3,0.3398316953730654,23,44,20,:indeterminate
23,56,3,0.3437713248694895,23,42,17,:indeterminate
23,56,4,0.43639597136811736,23,40,14,:indeterminate
23,57,3,0.3848669684812844,23,45,28,:indeterminate
23,58,2,0.15679046767330432,23,35,5,:satisfiable
23,58,2,0.3292862359975492,23,41,20,:indeterminate
23,59,2,0.08654283513125571,23,44,4,:satisfiable
23,60,2,0.14513476644536194,23,47,12,:satisfiable
24,24,3,0.4525967775826694,24,23,10,:indeterminate
24,28,3,0.5535624690098692,24,26,18,:indeterminate
24,29,4,0.3517826707539357,24,28,10,:satisfiable
24,31,2,0.39864780389962706,24,27,14,:indeterminate
24,31,4,0.28962347558283996,24,28,7,:indeterminate
24,33,3,0.18804411672632318,24,32,6,:satisfiable
24,35,2,0.06734580489801927,24,30,1,:satisfiable
24,35,4,0.22243293458756064,24,29,7,:indeterminate
24,36,3,0.4009120135425497,24,34,13,:indeterminate
24,40,4,0.11535368325257696,24,31,4,:indeterminate
24,41,4,0.5383678575371641,24,31,14,:indeterminate
24,42,2,0.1448718356975397,24,34,8,:indeterminate
24,42,3,0.38992266357713934,24,35,15,:indeterminate
24,42,4,0.5796657816338625,24,34,19,:indeterminate
24,44,2,0.26546474679639764,24,40,14,:indeterminate
24,45,2,0.24944931737959797,24,42,12,:indeterminate
24,45,2,0.4531560247966186,24,40,16,:indeterminate
24,45,3,0.40857671088461495,24,34,10,:indeterminate
24,45,3,0.5499164359349019,24,37,20,:indeterminate
24,46,2,0.5293405857711765,24,42,26,:indeterminate
24,46,2,0.6360300091174856,24,37,22,:indeterminate
24,46,3,0.09513500594025275,24,32,4,:indeterminate
24,46,3,0.46688718531648266,24,39,18,:indeterminate
24,46,3,0.5623138311391388,24,39,22,:indeterminate
24,46,4,0.3771488887678324,24,37,19,:indeterminate
24,46,4,0.5416514359957433,24,41,26,:indeterminate
24,47,2,0.1976355773557357,24,37,8,:indeterminate
24,48,4,0.3869218255618288,24,41,13,:indeterminate
24,49,2,0.07216319131512139,24,42,4,:indeterminate
24,49,4,0.26244882256197877,24,42,13,:indeterminate
24,49,4,0.4496983864435671,24,42,22,:indeterminate
24,50,2,0.31324702475766336,24,39,17,:indeterminate
24,50,2,0.5599747534365408,24,43,25,:indeterminate
24,50,3,0.3227801357015369,24,38,17,:satisfiable
24,51,2,0.3959167274012055,24,42,15,:satisfiable
24,51,4,0.1918432089125797,24,40,8,:satisfiable
24,52,2,0.5706658008245857,24,42,27,:indeterminate
24,53,4,0.3669862510563817,24,40,16,:indeterminate
24,55,2,0.3564105504822102,24,43,24,:indeterminate
24,55,2,0.49983710908654794,24,47,21,:indeterminate
24,55,4,0.31847231739019327,24,43,20,:indeterminate
24,56,2,0.258629835263757,24,44,13,:satisfiable
24,57,2,0.2345079355666324,24,47,11,:satisfiable
24,57,2,0.4224059575298062,24,44,18,:indeterminate
24,57,4,0.24402365015508756,24,43,12,:indeterminate
24,58,3,0.34137256091368,24,47,20,:indeterminate
24,59,4,0.21068773410565153,24,40,3,:satisfiable
24,61,2,0.05607508104063493,24,47,9,:satisfiable
24,61,2,0.3907418406200054,24,52,20,:indeterminate
24,63,2,0.22699992953565337,24,50,16,:indeterminate
24,63,4,0.4314886903491238,24,46,29,:indeterminate
24,65,3,0.3757986090174514,24,46,15,:indeterminate
24,66,2,0.2994633778971565,24,51,13,:indeterminate
24,66,3,0.2262416238015784,24,46,11,:satisfiable
24,67,2,0.3075583026388034,24,47,20,:indeterminate
24,67,3,0.5302696598969655,24,48,27,:satisfiable
25,32,4,0.1751853045723257,25,29,4,:indeterminate
25,35,4,0.04807247869551164,25,30,5,:indeterminate
25,36,4,0.3257161392883545,25,32,10,:indeterminate
25,37,2,0.3717405542913619,25,31,12,:indeterminate
25,37,4,0.2803029468553228,25,31,13,:indeterminate
25,40,3,0.13306211483651434,25,36,7,:indeterminate
25,40,3,0.5827149893862796,25,36,21,:indeterminate
25,41,2,0.31784541749039724,25,32,10,:indeterminate
25,41,3,0.5710673469387786,25,34,19,:indeterminate
25,42,2,0.22285589801884917,25,35,9,:satisfiable
25,42,4,0.19022694784400132,25,33,11,:indeterminate
25,44,2,0.35290333360655085,25,39,13,:indeterminate
25,44,3,0.5920681905683706,25,35,20,:indeterminate
25,45,2,0.35145413458220937,25,36,15,:indeterminate
25,45,2,0.36784190442416326,25,40,14,:indeterminate
25,45,2,0.5427650453485962,25,37,24,:indeterminate
25,45,4,0.43007096001430495,25,42,18,:indeterminate
25,47,3,0.28638787983120645,25,39,8,:satisfiable
25,47,3,0.2996131944972196,25,41,12,:indeterminate
25,47,3,0.3809061704306445,25,41,19,:indeterminate
25,47,4,0.14908479734279756,25,35,4,:indeterminate
25,48,4,0.46731769242638777,25,39,19,:indeterminate
25,49,2,0.46933919025384174,25,35,17,:indeterminate
25,49,3,0.16991352124712708,25,35,4,:indeterminate
25,49,3,0.19530326640096538,25,41,10,:indeterminate
25,49,3,0.45539239831478123,25,43,16,:satisfiable
25,50,3,0.18671224245187304,25,43,8,:satisfiable
25,50,3,0.48083326274510824,25,39,22,:indeterminate
25,50,4,0.29770757326661607,25,42,19,:indeterminate
25,50,4,0.489218159768716,25,43,29,:indeterminate
25,51,4,0.23656827551432044,25,37,5,:indeterminate
25,52,4,0.14582108860078005,25,41,8,:indeterminate
25,52,4,0.3609059483838406,25,40,15,:indeterminate
25,54,4,0.22394329862292897,25,39,10,:indeterminate
25,54,4,0.23579875391252617,25,39,9,:indeterminate
25,55,4,0.4649163218120131,25,45,22,:indeterminate
25,56,3,0.3060655978506992,25,44,21,:indeterminate
25,56,3,0.42596636026165197,25,41,24,:indeterminate
25,60,3,0.30106795270618064,25,49,16,:indeterminate
25,61,3,0.22836137530648817,25,45,12,:indeterminate
25,63,2,0.3665477442530842,25,51,21,:indeterminate
26,33,3,0.3455242099814588,26,32,11,:indeterminate
26,33,4,0.38432772548752614,26,30,13,:indeterminate
26,35,4,0.5367172263918243,26,30,18,:indeterminate
26,38,4,0.25743771704690727,26,35,9,:indeterminate
26,40,4,0.25337008833766267,26,34,6,:indeterminate
26,40,4,0.37258041390721214,26,38,13,:indeterminate
26,42,2,0.34358923480780196,26,37,17,:indeterminate
26,42,3,0.1965690968134307,26,34,5,:indeterminate
26,42,3,0.2713931664185525,26,36,13,:indeterminate
26,43,3,0.4653997967056604,26,36,22,:indeterminate
26,45,3,0.3458843664517441,26,39,15,:indeterminate
26,46,2,0.4502843317009344,26,35,13,:indeterminate
26,46,2,0.5069227641608257,26,38,21,:indeterminate
26,47,2,0.23100631689020656,26,42,18,:indeterminate
26,48,2,0.27530700284062515,26,39,14,:satisfiable
26,49,2,0.2836270876254832,26,39,11,:indeterminate
26,49,4,0.34609668294259305,26,40,13,:indeterminate
26,49,4,0.4436161849529783,26,46,19,:satisfiable
26,49,4,0.5553365138633547,26,41,21,:indeterminate
26,50,2,0.21184497015373235,26,37,6,:indeterminate
26,50,3,0.45379521585087534,26,42,25,:indeterminate
26,52,2,0.261669752385352,26,42,15,:indeterminate
26,52,2,0.27981523026462873,26,44,19,:indeterminate
26,52,3,0.12906711322018505,26,41,8,:indeterminate
26,52,4,0.4442505415581321,26,39,21,:indeterminate
26,53,2,0.4846204630602782,26,45,29,:indeterminate
26,54,2,0.3239874320383911,26,44,23,:indeterminate
26,54,3,0.2936455226352837,26,44,13,:satisfiable
26,54,4,0.4710339072983054,26,44,16,:indeterminate
26,55,3,0.0756407303668406,26,42,6,:satisfiable
26,56,3,0.2772724751737294,26,42,17,:indeterminate
26,60,3,0.3359489775189526,26,46,21,:indeterminate
26,64,2,0.2698454520791657,26,48,21,:indeterminate
26,66,2,0.5589640402656416,26,50,27,:indeterminate
26,69,4,0.0830266247583517,26,43,8,:satisfiable
26,69,4,0.3437580031832841,26,49,19,:indeterminate
26,70,3,0.10282247661043416,26,48,9,:indeterminate
26,72,2,0.28662745741893364,26,50,14,:satisfiable
27,32,2,0.22629703902068354,27,31,9,:indeterminate
27,39,3,0.2649947144719222,27,33,9,:indeterminate
27,41,2,0.38270330441499767,27,36,13,:indeterminate
27,43,4,0.03322479336626397,27,39,2,:indeterminate
27,44,4,0.4850985457937497,27,37,20,:indeterminate
27,46,2,0.31673737948562597,27,39,12,:indeterminate
27,46,2,0.3647025284142167,27,38,15,:indeterminate
27,46,4,0.019882582334123173,27,37,0,:satisfiable
27,47,2,0.1954506181897608,27,39,12,:indeterminate
27,50,2,0.3187955732485117,27,40,14,:indeterminate
27,50,3,0.5626491558213654,27,41,24,:indeterminate
27,51,2,0.1804626804342452,27,43,8,:indeterminate
27,51,3,0.2513239058947629,27,43,18,:indeterminate
27,52,2,0.509268898756955,27,38,23,:indeterminate
27,52,4,0.1045552575223045,27,43,1,:satisfiable
27,55,2,0.30203746160501266,27,48,21,:indeterminate
27,56,2,0.4025891716674647,27,43,19,:indeterminate
27,57,3,0.12346008709199545,27,46,8,:satisfiable
27,59,4,0.19991933642360402,27,41,13,:indeterminate
27,59,4,0.28559370619937136,27,50,12,:indeterminate
27,60,4,0.26065574581296835,27,53,19,:indeterminate
27,62,2,0.152748394100534,27,55,12,:satisfiable
27,64,4,0.5613461320131647,27,50,28,:satisfiable
27,66,4,0.09044420488546456,27,53,3,:satisfiable
27,67,3,0.1736263025785361,27,48,11,:satisfiable
27,67,4,0.09238752197768259,27,44,11,:indeterminate
27,68,2,0.5442451378189713,27,54,31,:indeterminate
27,68,3,0.3814618466962553,27,46,27,:indeterminate
27,70,2,0.35897430950041814,27,54,27,:indeterminate
27,72,3,0.2215654959886831,27,54,18,:indeterminate
27,73,3,0.27158824548534644,27,50,12,:indeterminate
27,76,4,0.2566831624013949,27,62,19,:indeterminate
28,32,3,0.26651462987920327,28,30,8,:indeterminate
28,37,4,0.24743473136735852,28,34,10,:indeterminate
28,38,4,0.30339213366359985,28,35,13,:indeterminate
28,39,3,0.586434820238977,28,36,22,:indeterminate
28,40,2,0.2374762961398695,28,37,7,:indeterminate
28,40,2,0.45600793765021813,28,36,16,:indeterminate
28,40,4,0.28802640834423665,28,38,13,:indeterminate
28,42,3,0.3080443751312422,28,37,6,:satisfiable
28,42,4,0.15382224217098597,28,36,5,:indeterminate
28,43,2,0.3889291840448497,28,36,14,:indeterminate
28,46,2,0.3264737591619071,28,40,17,:indeterminate
28,46,2,0.3744291763466549,28,38,21,:indeterminate
28,47,2,0.3558915954306611,28,42,17,:indeterminate
28,48,3,0.17290098355751274,28,41,7,:satisfiable
28,48,3,0.3254436539370338,28,39,16,:indeterminate
28,49,2,0.21998643476870972,28,43,8,:indeterminate
28,49,3,0.29964264504651444,28,44,11,:indeterminate
28,50,2,0.4110882691371029,28,45,23,:indeterminate
28,50,2,0.4896960354684408,28,46,33,:indeterminate
28,50,3,0.2879448348651456,28,37,14,:indeterminate
28,51,4,0.44751297257018097,28,42,18,:indeterminate
28,52,2,0.3243521456440384,28,42,13,:indeterminate
28,52,2,0.5223974196957961,28,45,26,:indeterminate
28,52,4,0.36383030376118713,28,41,17,:indeterminate
28,53,4,0.4036631247275302,28,44,20,:indeterminate
28,54,4,0.45519276773497214,28,48,17,:indeterminate
28,55,4,0.4117424998532661,28,49,20,:indeterminate
28,57,2,0.322170886474146,28,48,19,:indeterminate
28,57,2,0.47388625652551836,28,46,25,:indeterminate
28,57,4,0.2398643284669798,28,44,17,:indeterminate
28,58,2,0.08093572534273134,28,48,4,:satisfiable
28,58,3,0.5395181652378508,28,50,25,:indeterminate
28,58,4,0.5645285041982512,28,48,28,:indeterminate
28,59,4,0.3793024071036369,28,49,26,:indeterminate
28,60,3,0.26140662826558286,28,47,20,:indeterminate
28,60,4,0.06672899955175726,28,47,3,:indeterminate
28,60,4,0.3709635807143226,28,49,21,:indeterminate
28,60,4,0.4531672624025367,28,53,25,:indeterminate
28,61,2,0.2917665094646722,28,46,15,:satisfiable
28,61,4,0.3381545090452908,28,49,19,:indeterminate
28,62,4,0.5710264777440005,28,48,20,:satisfiable
28,64,2,0.33328463472196784,28,51,22,:indeterminate
28,66,4,0.1325790324391893,28,48,6,:satisfiable
28,67,2,0.1843796406616549,28,51,15,:indeterminate
28,67,4,0.41473903253448424,28,56,34,:indeterminate
28,67,4,0.45253165102971105,28,51,30,:indeterminate
28,69,2,0.1484903404384349,28,53,13,:satisfiable
28,69,3,0.32249079159800237,28,52,22,:indeterminate
28,69,4,0.11683686785645842,28,48,9,:indeterminate
28,72,3,0.26161748404127255,28,52,10,:satisfiable
28,72,3,0.41649366533516624,28,58,29,:indeterminate
28,72,3,0.4979065123305606,28,54,26,:indeterminate
28,72,4,0.2064945319577435,28,58,21,:satisfiable
28,74,4,0.37953288880887676,28,55,27,:indeterminate
28,75,3,0.22050765355891097,28,54,20,:indeterminate
29,35,4,0.3642131295773933,29,34,14,:indeterminate
29,35,4,0.40186174119168544,29,33,14,:indeterminate
29,42,2,0.3428671689188454,29,38,15,:indeterminate
29,42,2,0.3653648099835918,29,38,13,:indeterminate
29,44,3,0.437326965047961,29,39,19,:indeterminate
29,45,4,0.5391815355771375,29,37,19,:indeterminate
29,47,2,0.5979050449687228,29,42,27,:indeterminate
29,47,4,0.17060994882403716,29,35,7,:indeterminate
29,49,4,0.5614573661374839,29,41,28,:indeterminate
29,50,3,0.32603214752165016,29,38,8,:satisfiable
29,50,4,0.23858258611490865,29,40,8,:indeterminate
29,52,3,0.1943313224464351,29,39,6,:indeterminate
29,53,3,0.09799816112790231,29,47,6,:satisfiable
29,55,2,0.26782975814896776,29,43,12,:indeterminate
29,55,3,0.46418366029296987,29,44,23,:indeterminate
29,56,2,0.1547979245670427,29,43,6,:indeterminate
29,57,2,0.22670387839461636,29,45,8,:satisfiable
29,59,4,0.18429895660016815,29,49,11,:satisfiable
29,61,2,0.44091233340995944,29,52,23,:indeterminate
29,61,4,0.3372781480353007,29,51,19,:indeterminate
29,62,4,0.5008362277220387,29,49,32,:indeterminate
29,63,2,0.2947973773240233,29,49,21,:indeterminate
29,63,2,0.4456006946474124,29,54,20,:indeterminate
29,65,4,0.41166017781489367,29,55,31,:indeterminate
29,71,2,0.3050970638520781,29,57,16,:indeterminate
29,74,3,0.5597585008834081,29,56,37,:satisfiable
29,75,3,0.39767449636871327,29,64,29,:indeterminate
29,76,4,0.3498808979311687,29,56,27,:indeterminate
29,79,2,0.3165632759472266,29,61,24,:indeterminate
3,3,3,0.18289115001942216,3,2,0,:satisfiable
3,3,3,0.35242339395491423,3,2,1,:indeterminate
3,3,3,0.3695086920686272,3,2,1,:indeterminate
3,3,3,0.6003265450635481,3,2,2,:indeterminate
3,3,4,0.3636307748747292,3,2,1,:indeterminate
3,4,2,0.2982987427635973,3,2,0,:satisfiable
3,4,2,0.369654201863382,3,3,2,:indeterminate
3,4,2,0.4424042123029626,3,2,1,:indeterminate
3,4,3,0.3542434648660153,3,3,2,:indeterminate
3,4,4,0.3238600608456225,3,3,2,:indeterminate
3,4,4,0.5292456195194397,3,2,1,:indeterminate
3,5,2,0.09544393936514817,3,2,0,:satisfiable
3,5,2,0.37386478301870624,3,3,2,:indeterminate
3,5,3,0.48522414642721107,3,4,4,:indeterminate
3,5,4,0.41709118584158356,3,4,0,:satisfiable
3,6,2,0.15873241305612926,3,5,0,:satisfiable
3,6,2,0.344591442115193,3,4,2,:indeterminate
3,6,2,0.47931072496377675,3,5,2,:indeterminate
3,6,2,0.5715291432310496,3,3,2,:indeterminate
3,6,2,0.6012570739628083,3,4,0,:satisfiable
3,6,3,0.1926560532494962,3,4,0,:satisfiable
3,6,3,0.20006709092336242,3,3,1,:satisfiable
3,6,3,0.4467421015029334,3,3,2,:indeterminate
3,6,4,0.49347863103283157,3,4,3,:indeterminate
30,34,2,0.16625816140629604,30,33,8,:indeterminate
30,34,4,0.23670070814199984,30,31,8,:indeterminate
30,37,2,0.4846144963329501,30,35,16,:indeterminate
30,38,3,0.5061999285929011,30,36,17,:indeterminate
30,45,4,0.33216991671703605,30,41,4,:satisfiable
30,48,4,0.2586592077345174,30,41,8,:indeterminate
30,50,3,0.087960220924304,30,41,10,:indeterminate
30,52,4,0.39623734838345187,30,44,18,:indeterminate
30,54,3,0.022073805039383127,30,43,1,:satisfiable
30,54,4,0.10465562451295973,30,49,10,:satisfiable
30,54,4,0.18815334907621425,30,45,10,:indeterminate
30,57,4,0.6135440225462291,30,47,30,:indeterminate
30,58,2,0.09269516480914634,30,48,8,:satisfiable
30,58,2,0.3403869443117744,30,45,18,:indeterminate
30,58,3,0.24758455464842943,30,46,16,:indeterminate
30,58,4,0.3294990132416051,30,46,21,:indeterminate
30,59,2,0.4600055247210923,30,50,28,:indeterminate
30,60,4,0.5458626263064127,30,50,32,:indeterminate
30,61,3,0.3577033651868475,30,52,31,:indeterminate
30,61,4,0.5011981816264678,30,51,28,:indeterminate
30,63,4,0.12629702236121396,30,49,12,:satisfiable
30,65,2,0.28958831056117856,30,57,26,:indeterminate
30,65,3,0.4809812267943327,30,52,26,:indeterminate
30,65,4,0.44456372073370787,30,52,24,:indeterminate
30,66,3,0.21429914485845833,30,49,11,:indeterminate
30,66,4,0.5051760859533622,30,48,24,:indeterminate
30,71,2,0.13576116156938098,30,46,6,:satisfiable
30,71,2,0.30617715811528123,30,61,23,:indeterminate
30,72,2,0.33679858211750674,30,61,26,:indeterminate
30,72,3,0.26814381616219435,30,60,25,:indeterminate
30,73,3,0.35326563448447484,30,61,33,:indeterminate
30,78,4,0.4140627246413415,30,65,45,:indeterminate
30,79,3,0.264775347208178,30,58,15,:indeterminate
30,86,4,0.41606915326092603,30,63,34,:indeterminate
31,35,2,0.5079561707000338,31,33,17,:indeterminate
31,47,3,0.18360958831715302,31,40,7,:indeterminate
31,48,4,0.400832276808645,31,42,15,:indeterminate
31,49,2,0.30937194266159046,31,41,18,:indeterminate
31,49,3,0.18346118053740715,31,44,6,:indeterminate
31,50,2,0.5496662805723619,31,44,25,:indeterminate
31,52,3,0.2315482966799759,31,48,17,:indeterminate
31,54,4,0.3438256047191353,31,48,19,:indeterminate
31,56,2,0.39801115218190425,31,48,16,:indeterminate
31,56,2,0.45757682913606823,31,50,27,:indeterminate
31,57,2,0.2486404806841416,31,46,12,:indeterminate
31,58,2,0.28188866387228456,31,46,13,:indeterminate
31,58,4,0.3811992259078572,31,46,19,:indeterminate
31,60,3,0.19502421137446557,31,49,12,:satisfiable
31,61,4,0.5177150229650221,31,47,25,:indeterminate
31,63,2,0.5098734262956749,31,52,33,:indeterminate
31,63,3,0.33143058222406835,31,52,19,:indeterminate
31,64,4,0.4908847022513398,31,54,27,:indeterminate
31,66,2,0.5692228717452338,31,51,29,:indeterminate
31,66,4,0.18033983577759485,31,54,13,:satisfiable
31,68,3,0.17587344974472882,31,55,11,:indeterminate
31,69,2,0.43198988860249604,31,54,32,:indeterminate
31,70,4,0.27066613991577243,31,58,23,:indeterminate
31,70,4,0.398866817417083,31,50,16,:indeterminate
31,71,2,0.5508092681365545,31,59,33,:indeterminate
31,72,2,0.4073292519440473,31,58,32,:indeterminate
31,72,4,0.3067098680962216,31,53,23,:indeterminate
31,72,4,0.40493672196654185,31,57,18,:satisfiable
31,78,2,0.5301037083722501,31,57,38,:indeterminate
31,78,2,0.6184078813974154,31,66,49,:indeterminate
31,78,4,0.38029779945911324,31,59,21,:satisfiable
31,79,4,0.3190750873028337,31,61,20,:satisfiable
31,84,3,0.2929284872142091,31,63,36,:indeterminate
31,88,3,0.3591826986476414,31,63,31,:indeterminate
31,89,4,0.10865832051707273,31,62,7,:satisfiable
32,41,2,0.23551356039253538,32,38,12,:indeterminate
32,41,3,0.47759456279834156,32,39,23,:indeterminate
32,43,4,0.28144645385744677,32,39,11,:indeterminate
32,44,4,0.5966059887665563,32,41,26,:indeterminate
32,47,3,0.3512539202772234,32,45,16,:indeterminate
32,47,4,0.25451841673380665,32,42,15,:indeterminate
32,48,3,0.2857324902883854,32,43,13,:indeterminate
32,51,2,0.42037522334124544,32,46,21,:indeterminate
32,55,3,0.11260056334996187,32,42,4,:satisfiable
32,57,3,0.348864312948798,32,50,27,:indeterminate
32,60,4,0.3221262172031239,32,47,17,:indeterminate
32,61,4,0.351401377378806,32,50,19,:indeterminate
32,62,2,0.4465398291257725,32,47,24,:indeterminate
32,62,4,0.40044957562025285,32,51,28,:indeterminate
32,64,2,0.463702921736207,32,45,20,:indeterminate
32,66,2,0.351704001854327,32,55,25,:indeterminate
32,67,3,0.3236751247890072,32,50,18,:indeterminate
32,68,3,0.37250840475581065,32,50,20,:indeterminate
32,68,4,0.43572530662520054,32,56,22,:satisfiable
32,70,4,0.5772077615658754,32,57,38,:indeterminate
32,71,3,0.2720569482603351,32,60,25,:indeterminate
32,75,4,0.3739134838450237,32,59,21,:indeterminate
32,77,2,0.3691880562493924,32,54,35,:indeterminate
32,77,3,0.44070527224264416,32,59,29,:indeterminate
32,81,4,0.1968800752870373,32,59,10,:satisfiable
32,84,3,0.5694945286169916,32,66,47,:indeterminate
33,36,4,0.14140123867483,33,34,8,:indeterminate
33,36,4,0.2796330022978957,33,34,14,:indeterminate
33,42,2,0.4854447556326163,33,39,24,:indeterminate
33,45,3,0.25916236054944275,33,38,9,:indeterminate
33,51,2,0.41156308036734507,33,44,19,:indeterminate
33,53,4,0.34173613079694737,33,48,21,:indeterminate
33,55,4,0.21923710894731854,33,46,16,:indeterminate
33,56,3,0.23425926979639422,33,50,21,:indeterminate
33,57,4,0.4487238286061362,33,45,23,:indeterminate
33,58,4,0.28941882755455894,33,46,18,:indeterminate
33,60,2,0.28829428249995576,33,53,18,:indeterminate
33,60,3,0.13262465086450334,33,48,11,:indeterminate
33,61,2,0.24332610290411893,33,53,13,:indeterminate
33,61,3,0.2251729261705264,33,48,10,:indeterminate
33,63,2,0.27731415905777124,33,54,16,:indeterminate
33,65,2,0.14891749182303826,33,56,10,:satisfiable
33,65,3,0.33260321944148064,33,52,24,:indeterminate
33,65,4,0.3277978253480404,33,56,31,:indeterminate
33,66,3,0.533682835122835,33,54,34,:indeterminate
33,67,4,0.5329819494374968,33,59,41,:indeterminate
33,68,3,0.2894850495123224,33,54,17,:indeterminate
33,68,3,0.34236402061686677,33,58,24,:indeterminate
33,68,4,0.5685987006617673,33,58,32,:indeterminate
33,69,2,0.14365893681446398,33,56,3,:satisfiable
33,69,2,0.5187053153981728,33,56,32,:indeterminate
33,69,3,0.026058523092167718,33,53,5,:indeterminate
33,69,4,0.12283575234559141,33,46,5,:satisfiable
33,69,4,0.31067657625076606,33,63,21,:satisfiable
33,70,4,0.21892785419349728,33,57,13,:indeterminate
33,75,3,0.15407611092026471,33,64,20,:indeterminate
33,77,4,0.34743604750246887,33,69,30,:indeterminate
33,81,4,0.3687246235159994,33,67,31,:indeterminate
33,84,4,0.3435817678158635,33,66,28,:satisfiable
33,85,4,0.30124577212784337,33,63,25,:indeterminate
33,88,3,0.31432921458740154,33,53,14,:satisfiable
33,89,3,0.2533178702351006,33,62,16,:indeterminate
34,50,2,0.11048183264945725,34,40,5,:indeterminate
34,52,2,0.22961572669477812,34,49,13,:satisfiable
34,52,2,0.28728446717033196,34,46,19,:indeterminate
34,52,2,0.4340312394067192,34,48,22,:indeterminate
34,54,3,0.24739415283667487,34,46,9,:indeterminate
34,54,3,0.5976434906721733,34,48,25,:indeterminate
34,56,2,0.37893677784276897,34,49,21,:indeterminate
34,57,2,0.48679023960708906,34,53,24,:indeterminate
34,57,3,0.23785770892992622,34,47,6,:indeterminate
34,64,3,0.4391588997999823,34,50,17,:indeterminate
34,64,4,0.2897647810132391,34,55,24,:indeterminate
34,70,4,0.3114036519702801,34,60,21,:indeterminate
34,70,4,0.3149329182773628,34,51,20,:indeterminate
34,72,3,0.3508015860508589,34,58,19,:indeterminate
34,73,3,0.45808249732070766,34,60,35,:indeterminate
34,75,2,0.49197288401645184,34,59,33,:indeterminate
34,76,2,0.11062109143655836,34,55,6,:indeterminate
34,78,3,0.4688886059539432,34,60,32,:indeterminate
34,78,4,0.4096463826639476,34,58,31,:indeterminate
34,82,4,0.2816950512161457,34,64,20,:indeterminate
34,83,2,0.36793765613408214,34,60,21,:indeterminate
34,83,2,0.5079831076048248,34,68,42,:indeterminate
34,87,4,0.3852798758796392,34,68,36,:indeterminate
34,87,4,0.40559055050951837,34,68,30,:indeterminate
34,92,2,0.2225141913779761,34,64,11,:indeterminate
34,93,3,0.3741090148811903,34,72,35,:satisfiable
34,93,4,0.30164202874721446,34,68,19,:indeterminate
34,96,3,0.2281412089085658,34,75,14,:satisfiable
35,46,2,0.2831623486809046,35,41,13,:indeterminate
35,47,4,0.44643891299801436,35,45,24,:indeterminate
35,50,4,0.6077501512482995,35,46,25,:indeterminate
35,51,3,0.2994721907510299,35,48,9,:indeterminate
35,52,3,0.4119496861380074,35,44,19,:indeterminate
35,52,4,0.31181636975879784,35,48,17,:indeterminate
35,53,2,0.31552930973107957,35,49,14,:indeterminate
35,53,4,0.3342554086678602,35,47,16,:indeterminate
35,57,4,0.40281112299039035,35,48,19,:satisfiable
35,60,2,0.30235976978430207,35,49,17,:indeterminate
35,61,2,0.27939637915788684,35,55,21,:indeterminate
35,62,4,0.3442590562275938,35,56,26,:indeterminate
35,64,3,0.10520128924926493,35,49,9,:indeterminate
35,65,3,0.4154008626550965,35,59,28,:indeterminate
35,66,3,0.21563144332270193,35,51,17,:indeterminate
35,67,3,0.14560812538872905,35,53,10,:indeterminate
35,68,4,0.3995919367048632,35,61,21,:indeterminate
35,69,3,0.43585362102000397,35,53,30,:indeterminate
35,70,2,0.21881120043960903,35,61,19,:indeterminate
35,70,4,0.35020034237075337,35,57,27,:indeterminate
35,75,3,0.43726884990400006,35,65,41,:indeterminate
35,78,2,0.36437827023163044,35,68,30,:indeterminate
35,81,2,0.43777837509645057,35,69,28,:indeterminate
35,84,2,0.431038994268848,35,62,29,:indeterminate
35,84,3,0.37582796073406205,35,67,32,:indeterminate
35,85,2,0.3104508646911925,35,67,30,:indeterminate
35,87,3,0.23743477700748927,35,64,12,:satisfiable
35,87,4,0.4120918813035736,35,67,32,:indeterminate
35,91,3,0.09170754214149612,35,66,11,:indeterminate
36,49,2,0.3503728351876947,36,46,18,:indeterminate
36,50,3,0.27701634721399343,36,48,19,:indeterminate
36,53,3,0.4287421952626309,36,49,22,:indeterminate
36,54,2,0.4927307520085429,36,49,23,:indeterminate
36,57,2,0.3576611599952062,36,48,21,:indeterminate
36,57,3,0.03914869022566788,36,52,2,:satisfiable
36,57,3,0.2795999853211882,36,48,16,:indeterminate
36,57,4,0.5484722925871243,36,47,25,:indeterminate
36,61,4,0.4127875819454745,36,54,16,:indeterminate
36,62,3,0.29469243808023626,36,52,15,:indeterminate
36,63,3,0.2395426637149122,36,48,15,:satisfiable
36,67,3,0.2619442121087479,36,58,17,:satisfiable
36,69,3,0.3550566549350445,36,56,22,:indeterminate
36,72,3,0.2640953933821792,36,61,13,:satisfiable
36,74,4,0.5348465772998995,36,55,30,:indeterminate
36,76,3,0.1614824728974004,36,57,9,:satisfiable
36,79,2,0.5543075299045229,36,63,34,:indeterminate
36,79,3,0.3575338536136429,36,66,29,:indeterminate
36,84,3,0.25156831138908864,36,67,28,:indeterminate
36,84,4,0.35456659747448827,36,67,31,:indeterminate
36,87,3,0.5614637701434675,36,67,37,:indeterminate
36,89,2,0.34464560364202823,36,69,35,:indeterminate
36,90,4,0.1379402899966418,36,62,10,:satisfiable
36,92,2,0.10675951215212594,36,68,8,:satisfiable
36,97,4,0.17157315428274386,36,73,12,:satisfiable
37,101,3,0.6136710852113523,37,69,46,:indeterminate
37,104,4,0.3167326420179873,37,86,25,:indeterminate
37,47,4,0.21906903196491598,37,42,7,:indeterminate
37,48,3,0.08548747072398692,37,44,10,:indeterminate
37,53,4,0.2719743922374466,37,48,16,:indeterminate
37,54,3,0.21260494571071362,37,47,12,:indeterminate
37,64,4,0.40515175779275153,37,59,28,:indeterminate
37,64,4,0.4295918520051248,37,56,27,:indeterminate
37,65,4,0.19920119705850106,37,53,11,:indeterminate
37,68,2,0.527418915189041,37,58,36,:indeterminate
37,70,4,0.20268882499711624,37,59,21,:indeterminate
37,71,2,0.1900736418820442,37,58,12,:indeterminate
37,71,3,0.27382728247446236,37,57,21,:indeterminate
37,72,2,0.423649263941245,37,59,25,:indeterminate
37,73,4,0.4836309129311484,37,63,27,:indeterminate
37,74,3,0.5339715826083791,37,62,38,:indeterminate
37,76,3,0.3087568198041462,37,65,33,:indeterminate
37,77,2,0.33077280146256455,37,65,28,:indeterminate
37,78,3,0.17764572583351937,37,63,14,:satisfiable
37,80,3,0.36305624910913803,37,59,21,:indeterminate
37,82,2,0.06235649368851189,37,67,3,:indeterminate
37,83,2,0.3050627471286887,37,62,20,:indeterminate
37,87,3,0.43056255473066934,37,68,36,:indeterminate
37,88,3,0.2995968389318208,37,75,26,:satisfiable
37,90,3,0.2525461468193693,37,68,18,:satisfiable
37,93,2,0.3012278098782864,37,74,33,:indeterminate
37,93,3,0.24494108826770497,37,73,17,:indeterminate
37,93,3,0.31060944870155016,37,67,27,:satisfiable
37,93,4,0.4799194507449333,37,68,41,:indeterminate
37,94,4,0.5150503576806694,37,74,45,:indeterminate
37,95,4,0.5858636828241225,37,72,43,:indeterminate
37,96,4,0.41638680538110434,37,78,39,:indeterminate
38,101,3,0.46394846997766553,38,84,46,:indeterminate
38,104,3,0.33209670552203957,38,79,31,:indeterminate
38,49,2,0.3255375270396637,38,44,18,:indeterminate
38,51,2,0.5700689308744616,38,49,31,:indeterminate
38,55,4,0.28548281095652434,38,50,20,:satisfiable
38,61,4,0.3805350312039299,38,55,19,:satisfiable
38,65,4,0.18231510075991894,38,53,17,:indeterminate
38,69,4,0.1379850822924988,38,61,14,:indeterminate
38,73,2,0.4783254030312811,38,59,24,:indeterminate
38,74,3,0.039549575346584466,38,61,2,:satisfiable
38,76,2,0.28533847325391165,38,71,27,:indeterminate
38,77,2,0.6553708048900423,38,67,45,:indeterminate
38,79,2,0.4052530797183876,38,61,25,:indeterminate
38,82,2,0.2228835897159652,38,66,12,:satisfiable
38,84,2,0.35504587572872287,38,70,28,:indeterminate
38,85,4,0.1640910700020858,38,63,11,:satisfiable
38,86,3,0.3234761650069347,38,65,22,:indeterminate
38,89,3,0.48198514882543364,38,73,47,:indeterminate
38,91,3,0.28656502546574575,38,70,19,:indeterminate
38,91,3,0.517274106234274,38,69,40,:indeterminate
38,92,3,0.5071973963960729,38,76,40,:indeterminate
38,94,3,0.37263535226859185,38,73,30,:indeterminate
39,42,2,0.19674983391083903,39,41,11,:indeterminate
39,43,2,0.27593406349483224,39,42,17,:indeterminate
39,54,4,0.2711248602409266,39,52,9,:indeterminate
39,57,2,0.0934162269057055,39,51,5,:indeterminate
39,58,3,0.11294053041755177,39,53,7,:indeterminate
39,59,4,0.3408980304990359,39,54,14,:indeterminate
39,63,3,0.5053703894910107,39,54,26,:indeterminate
39,64,3,0.48811060136619,39,52,27,:indeterminate
39,69,3,0.26020419402949296,39,57,18,:indeterminate
39,69,4,0.44657282089323536,39,59,35,:indeterminate
39,73,3,0.1406646015236632,39,60,7,:indeterminate
39,76,4,0.10873598151652057,39,58,14,:indeterminate
39,76,4,0.5485466019035697,39,66,33,:indeterminate
39,77,3,0.654869650753899,39,67,40,:indeterminate
39,81,2,0.2985425036466814,39,65,11,:indeterminate
39,81,2,0.3248482953899654,39,67,24,:indeterminate
39,82,4,0.25612156664614916,39,62,20,:indeterminate
39,83,2,0.4246923265869338,39,70,29,:indeterminate
39,91,2,0.2456128147623464,39,68,21,:indeterminate
39,93,4,0.05470250680391756,39,65,5,:satisfiable
39,93,4,0.4933417887885942,39,77,54,:indeterminate
39,96,4,0.4851078322599142,39,75,44,:indeterminate
39,98,3,0.22650875411852103,39,79,17,:satisfiable
4,10,4,0.33454120592598385,4,5,0,:satisfiable
4,5,2,0.3489420751541575,4,4,1,:satisfiable
4,5,2,0.38789788479132464,4,4,0,:satisfiable
4,5,2,0.43977195048307355,4,3,1,:indeterminate
4,6,4,0.2540682833742258,4,4,0,:satisfiable
4,6,4,0.5011609758998444,4,3,1,:indeterminate
4,7,2,0.19691198951682842,4,4,0,:satisfiable
4,7,2,0.4086109165008036,4,4,1,:indeterminate
4,7,2,0.468614093932858,4,5,2,:indeterminate
4,7,3,0.3309298728766123,4,5,2,:indeterminate
4,7,4,0.22790611689944254,4,4,0,:satisfiable
4,7,4,0.34124049099910464,4,4,0,:satisfiable
4,8,2,0.28351663983288206,4,6,6,:indeterminate
4,8,2,0.29991816292217005,4,5,1,:indeterminate
4,8,2,0.5266363770384858,4,6,4,:indeterminate
4,8,3,0.2803122671894627,4,4,1,:satisfiable
4,8,3,0.3258012335174551,4,6,3,:indeterminate
4,8,3,0.3770153255555031,4,3,0,:satisfiable
4,8,4,0.24462556831207724,4,6,1,:satisfiable
4,8,4,0.28745414613784714,4,5,2,:satisfiable
4,9,3,0.0805786253253195,4,4,0,:satisfiable
4,9,3,0.2958659342133821,4,6,1,:satisfiable
4,9,4,0.4031109135422044,4,8,5,:indeterminate
4,9,4,0.40398410586495714,4,6,4,:indeterminate
4,9,4,0.43504358727702397,4,6,4,:indeterminate
40,101,3,0.42510558708656837,40,71,38,:indeterminate
40,46,4,0.5237955076597327,40,42,19,:indeterminate
40,52,4,0.3263126145488324,40,48,15,:indeterminate
40,66,2,0.03538534070929955,40,49,2,:satisfiable
40,67,2,0.27793833493692416,40,60,17,:indeterminate
40,69,3,0.2458988616611647,40,60,12,:indeterminate
40,72,3,0.4154072490685594,40,61,30,:indeterminate
40,74,2,0.42043009406189596,40,66,26,:indeterminate
40,77,3,0.02976382531154072,40,61,2,:satisfiable
40,78,3,0.2831412953574132,40,68,20,:indeterminate
40,80,2,0.09345822997463611,40,66,10,:indeterminate
40,84,4,0.26417857039152776,40,70,31,:indeterminate
40,87,3,0.34909182422807655,40,68,27,:indeterminate
40,88,2,0.3731221795057102,40,75,42,:satisfiable
40,91,2,0.4149708346405711,40,75,39,:indeterminate
40,92,3,0.40306289057596983,40,73,27,:indeterminate
40,96,2,0.16901866546055336,40,64,12,:indeterminate
41,102,3,0.40090492856152693,41,82,38,:indeterminate
41,112,2,0.14301147163500882,41,83,20,:satisfiable
41,113,4,0.4229594675268406,41,84,46,:indeterminate
41,114,4,0.299921758333118,41,84,37,:indeterminate
41,49,3,0.4781425379011919,41,47,26,:indeterminate
41,59,2,0.27322995692461016,41,55,19,:indeterminate
41,67,3,0.5460730571545996,41,62,29,:indeterminate
41,69,4,0.14372807158171144,41,56,12,:satisfiable
41,69,4,0.337890265264567,41,59,22,:indeterminate
41,76,4,0.378550345493633,41,65,21,:satisfiable
41,78,4,0.49200816450714374,41,70,38,:indeterminate
41,85,4,0.481416649880475,41,71,43,:indeterminate
41,86,2,0.6293528753922669,41,68,41,:indeterminate
41,94,4,0.5114953748096321,41,70,29,:indeterminate
42,53,4,0.42101850883112296,42,48,22,:indeterminate
42,57,4,0.19975219088749316,42,54,14,:indeterminate
42,59,2,0.1522187649259483,42,56,12,:indeterminate
42,59,3,0.32718159813424613,42,50,21,:indeterminate
42,63,3,0.5209416736422264,42,59,36,:indeterminate
42,63,4,0.4516441567287171,42,58,25,:indeterminate
42,68,2,0.6179226476575814,42,58,43,:indeterminate
42,70,4,0.3343708723920294,42,63,23,:indeterminate
42,73,4,0.4871184594286196,42,65,35,:indeterminate
42,76,2,0.12310517482860268,42,59,8,:indeterminate
42,76,2,0.6418353892950598,42,68,47,:indeterminate
42,80,2,0.5103997079524323,42,66,38,:indeterminate
42,81,4,0.4409901528593429,42,72,41,:indeterminate
42,81,4,0.6339206980261437,42,72,46,:indeterminate
42,85,2,0.5150939059758084,42,67,39,:indeterminate
42,90,3,0.2917107581774847,42,74,26,:indeterminate
42,97,3,0.495583924207617,42,72,39,:indeterminate
43,112,3,0.48567798903939535,43,87,48,:indeterminate
43,67,4,0.16528445966106178,43,60,8,:satisfiable
43,67,4,0.5559951383314292,43,63,41,:indeterminate
43,69,2,0.43741901614050677,43,62,35,:indeterminate
43,69,2,0.4931059491181469,43,62,34,:indeterminate
43,83,4,0.32123165695038286,43,67,32,:indeterminate
43,84,4,0.06168158936779947,43,63,6,:satisfiable
43,93,3,0.11784471871935691,43,66,21,:indeterminate
44,57,4,0.33654822346640295,44,48,18,:indeterminate
44,65,3,0.3628596510171465,44,60,27,:indeterminate
44,69,3,0.35394517613281895,44,63,25,:indeterminate
44,74,4,0.12376612703922996,44,63,13,:indeterminate
44,83,2,0.142742166294153,44,72,13,:indeterminate
44,93,2,0.2460057740404796,44,80,25,:indeterminate
45,87,4,0.31171539885369676,45,73,23,:indeterminate
45,91,2,0.24991269814432684,45,75,27,:indeterminate
46,118,4,0.16468373542571316,46,82,11,:satisfiable
46,97,2,0.20773623172817904,46,78,16,:indeterminate
46,99,4,0.4170164449083589,46,79,30,:indeterminate
47,88,4,0.34825781250347543,47,77,24,:indeterminate
47,95,3,0.35601559083069684,47,78,34,:indeterminate
48,67,3,0.534632010406348,48,62,33,:indeterminate
48,85,4,0.5598613002672937,48,76,45,:indeterminate
49,122,3,0.1838876074721104,49,96,22,:indeterminate
5,10,2,0.3267239910331715,5,8,3,:indeterminate
5,10,2,0.3745838430149743,5,7,2,:satisfiable
5,10,3,0.32807110673908474,5,8,3,:indeterminate
5,10,3,0.4216893600150165,5,7,5,:indeterminate
5,10,4,0.22184282012269976,5,6,1,:satisfiable
5,11,3,0.15201541014338624,5,7,1,:indeterminate
5,11,3,0.42807590458040895,5,8,5,:indeterminate
5,11,4,0.2716271274729894,5,7,2,:satisfiable
5,12,4,0.35068577255271255,5,7,4,:indeterminate
5,12,4,0.531710469419773,5,9,6,:indeterminate
5,13,2,0.5141235652525642,5,9,7,:indeterminate
5,13,4,0.562803173624692,5,7,4,:indeterminate
5,5,2,0.28951731890497373,5,4,0,:satisfiable
5,5,2,0.3479178151946205,5,4,1,:indeterminate
5,6,4,0.09995667903261429,5,5,0,:satisfiable
5,6,4,0.324157922578679,5,4,2,:indeterminate
5,7,2,0.15754380908652368,5,5,0,:satisfiable
5,7,2,0.2884381506877569,5,6,1,:satisfiable
5,7,2,0.38265865870434435,5,6,4,:indeterminate
5,7,2,0.5061071188760078,5,5,2,:indeterminate
5,7,3,0.17554403394426346,5,6,1,:satisfiable
5,7,3,0.29550271803515177,5,5,1,:satisfiable
5,7,3,0.3610790194204901,5,5,2,:indeterminate
5,7,4,0.1557833751818591,5,5,1,:indeterminate
5,7,4,0.4747571237792225,5,5,1,:satisfiable
5,8,2,0.10526575601314436,5,5,0,:satisfiable
5,8,2,0.34939715500564,5,6,2,:indeterminate
5,8,2,0.5633184990333989,5,5,5,:indeterminate
5,8,3,0.09721994792572912,5,4,0,:satisfiable
5,8,3,0.4499203733446851,5,5,3,:indeterminate
5,8,4,0.3165629434758744,5,5,3,:indeterminate
5,9,2,0.45204865150522505,5,8,5,:indeterminate
5,9,3,0.3580614509016164,5,5,2,:indeterminate
5,9,4,0.21314140391004976,5,5,0,:satisfiable
5,9,4,0.22198612729070447,5,6,1,:satisfiable
5,9,4,0.2734259220545152,5,6,1,:satisfiable
5,9,4,0.3334987169510227,5,7,3,:indeterminate
5,9,4,0.3422270355119214,5,5,1,:indeterminate
5,9,4,0.36879410473336804,5,5,1,:indeterminate
5,9,4,0.37692087537462154,5,7,1,:satisfiable
6,10,2,0.11563132990647625,6,7,0,:satisfiable
6,10,2,0.3546412551880591,6,7,2,:indeterminate
6,10,2,0.4701830343244337,6,8,3,:indeterminate
6,10,2,0.5201952064383658,6,7,2,:indeterminate
6,10,2,0.5456112685949321,6,6,3,:indeterminate
6,10,2,0.5933882517995864,6,8,4,:indeterminate
6,10,2,0.6007089775292578,6,6,5,:indeterminate
6,10,3,0.4625039990144241,6,8,5,:indeterminate
6,10,3,0.5381383297101471,6,8,3,:satisfiable
6,10,4,0.5032135754429028,6,8,6,:indeterminate
6,10,4,0.5858735673935836,6,7,3,:indeterminate
6,10,4,0.6145021500769579,6,7,4,:indeterminate
6,11,2,0.166182346386306,6,7,0,:satisfiable
6,11,2,0.4738253351060857,6,6,3,:indeterminate
6,11,3,0.07764273601275333,6,6,1,:indeterminate
6,11,3,0.15276461694977647,6,9,2,:indeterminate
6,11,3,0.24611366265389978,6,7,2,:indeterminate
6,11,3,0.43217112773126987,6,7,3,:indeterminate
6,11,3,0.47884103000232764,6,7,3,:indeterminate
6,11,4,0.19976352123116978,6,8,1,:satisfiable
6,11,4,0.3828100306234173,6,7,2,:indeterminate
6,11,4,0.4531034411306465,6,8,3,:indeterminate
6,12,3,0.040809917367468605,6,9,0,:satisfiable
6,12,4,0.20270996328567026,6,7,1,:indeterminate
6,12,4,0.45842044625950445,6,9,3,:indeterminate
6,13,3,0.2874109384290357,6,8,1,:indeterminate
6,13,3,0.513876117589179,6,11,8,:indeterminate
6,13,4,0.24479474476738658,6,6,1,:indeterminate
6,13,4,0.38183708568056307,6,6,2,:indeterminate
6,13,4,0.38570584802769375,6,8,5,:indeterminate
6,14,4,0.3824583788053748,6,9,7,:indeterminate
6,15,2,0.5134332339417379,6,11,8,:indeterminate
6,15,4,0.3779540739068281,6,9,4,:indeterminate
6,15,4,0.5540176163447129,6,11,6,:indeterminate
6,16,2,0.2648373506248409,6,12,5,:satisfiable
6,16,2,0.3564080407965249,6,11,6,:indeterminate
6,6,3,0.3433938513962696,6,5,3,:indeterminate
6,7,2,0.32183203069297867,6,6,0,:satisfiable
6,8,3,0.30784086515911696,6,7,1,:satisfiable
6,9,2,0.3617386162043846,6,6,1,:indeterminate
6,9,3,0.48079777884244174,6,6,4,:indeterminate
6,9,3,0.6008434609944048,6,7,4,:indeterminate
7,10,4,0.1253868405416987,7,9,0,:satisfiable
7,12,2,0.3208923114437189,7,11,4,:satisfiable
7,12,2,0.3287465533608062,7,9,1,:satisfiable
7,12,2,0.580909941434924,7,11,11,:indeterminate
7,13,2,0.1683994906160511,7,9,1,:satisfiable
7,13,2,0.19167867280616493,7,10,1,:satisfiable
7,13,2,0.3801069195261823,7,8,2,:satisfiable
7,13,3,0.47700370767269673,7,11,7,:indeterminate
7,14,3,0.2841322763390746,7,10,1,:satisfiable
7,14,4,0.3008966518264765,7,11,2,:satisfiable
7,14,4,0.3313761088546201,7,11,3,:indeterminate
7,15,2,0.5040422603626443,7,10,4,:indeterminate
7,16,2,0.3881635618169752,7,8,1,:indeterminate
7,17,4,0.20898781072559755,7,10,0,:satisfiable
7,17,4,0.33560730197214167,7,10,3,:indeterminate
7,18,2,0.27813231082166096,7,15,6,:indeterminate
7,18,2,0.3559555615978039,7,11,4,:indeterminate
7,18,2,0.45842858568076905,7,14,5,:satisfiable
7,8,3,0.045569461752188234,7,7,0,:satisfiable
7,9,3,0.31526573158489235,7,8,2,:indeterminate
8,11,4,0.30746197090415334,8,9,5,:indeterminate
8,12,3,0.3730338958713692,8,9,6,:indeterminate
8,13,2,0.19336093474565053,8,11,6,:indeterminate
8,13,3,0.4900990500995204,8,11,6,:indeterminate
8,13,4,0.39114967984098287,8,11,2,:indeterminate
8,14,2,0.2753142086518025,8,11,2,:indeterminate
8,14,2,0.32317524345730725,8,9,4,:indeterminate
8,14,3,0.44600388744239,8,11,6,:indeterminate
8,15,2,0.28583115190123437,8,13,1,:satisfiable
8,15,4,0.25899869116450674,8,11,3,:indeterminate
8,15,4,0.42800794970579226,8,10,6,:indeterminate
8,16,2,0.28427790082055016,8,13,4,:indeterminate
8,16,3,0.4384123592636244,8,12,6,:indeterminate
8,17,2,0.3415825884009071,8,12,3,:indeterminate
8,17,3,0.060940680514587564,8,14,2,:satisfiable
8,18,3,0.07612107758808051,8,11,0,:satisfiable
8,19,2,0.2479506363242936,8,10,1,:indeterminate
8,19,3,0.36704508306260236,8,17,8,:indeterminate
8,19,4,0.1294365483364649,8,14,3,:satisfiable
8,19,4,0.35951577707081467,8,11,7,:indeterminate
8,20,3,0.2681336238768641,8,14,3,:indeterminate
9,10,2,0.48978625922394264,9,9,2,:indeterminate
9,10,3,0.25267763313842617,9,9,5,:indeterminate
9,12,2,0.3753222899146835,9,10,4,:indeterminate
9,13,3,0.24605898583211316,9,10,5,:indeterminate
9,13,4,0.1962769223296438,9,10,4,:indeterminate
9,13,4,0.31127029743902795,9,10,2,:indeterminate
9,14,2,0.3230058594899013,9,11,2,:indeterminate
9,14,3,0.16140046835364183,9,13,2,:satisfiable
9,14,3,0.28614172799416526,9,12,2,:satisfiable
9,14,4,0.09268242016695198,9,11,6,:indeterminate
9,14,4,0.2712543595920066,9,13,4,:satisfiable
9,14,4,0.38837717992505133,9,13,5,:indeterminate
9,15,3,0.28212203479255527,9,11,2,:satisfiable
9,15,3,0.45099964040761503,9,11,2,:satisfiable
9,16,2,0.44456756785781354,9,13,1,:satisfiable
9,16,3,0.07442488787934791,9,11,0,:satisfiable
9,16,3,0.2880179956600396,9,13,1,:indeterminate
9,17,2,0.3735175468124184,9,12,4,:indeterminate
9,17,3,0.3417293765911636,9,13,5,:indeterminate
9,17,4,0.19271801621470197,9,16,3,:satisfiable
9,18,2,0.2980311658856775,9,16,7,:satisfiable
9,18,2,0.41632092318681674,9,11,1,:satisfiable
9,18,2,0.4560357613885655,9,11,6,:indeterminate
9,18,3,0.1782870616223222,9,11,1,:satisfiable
9,18,4,0.15959477327410673,9,14,4,:indeterminate
9,20,4,0.42573827054768093,9,12,5,:indeterminate
9,21,2,0.012513515890062629,9,14,0,:satisfiable
9,21,2,0.23844181455831326,9,13,2,:satisfiable
9,21,2,0.35320024695782415,9,18,2,:indeterminate
9,21,2,0.6216239103859192,9,14,6,:indeterminate
9,21,3,0.6300164806026984,9,16,13,:indeterminate
9,21,4,0.5877936833889765,9,15,10,:indeterminate
9,23,4,0.5417471328854061,9,14,7,:indeterminate
9,24,3,0.36354763459512823,9,17,8,:indeterminate
