55,29,21,55,21,55,4,8,45
67,34,5,8,5,8,3,7,1
68,40,19,136,15,136,2,8,133
69,35,31,297,23,297,2,9,901
69,38,131,986,55,986,4,7,2199
71,39,19,46,19,46,3,7,55
71,40,12,56,4,56,3,11,107
73,37,19,51,19,51,3,11,17
73,40,9,19,9,19,3,8,208
75,38,35,102,21,102,4,8,1020
75,40,16,33,15,33,5,9,89
75,43,22,64,20,64,4,9,156
76,42,38,225,25,225,3,10,184
77,40,14,32,9,32,3,9,25
77,41,47,115,21,115,3,10,59
78,42,21,63,21,63,3,9,86
78,42,41,179,40,179,3,9,328
79,42,149,902,137,902,3,8,879
79,44,60,330,54,330,3,10,407
80,44,14,31,14,31,3,10,78
80,44,14,87,5,87,4,8,58
80,45,40,106,27,106,3,10,51
81,44,15,71,7,71,3,10,38
81,44,2,2,1,2,2,10,0
81,45,89,1040,48,1040,2,11,2072
82,46,5,8,5,8,3,9,42
82,48,27,73,24,73,3,8,77
82,48,43,276,29,276,3,10,278
83,42,4,5,4,5,3,10,19
83,44,16,32,15,32,4,10,33
83,47,26,97,9,97,2,9,101
84,46,29,121,13,121,3,9,169
85,46,23,130,23,130,3,9,214
86,48,303,3539,189,3539,3,9,8036
86,48,33,182,33,182,4,8,167
86,49,2,2,1,2,3,11,1
87,44,47,379,31,379,4,8,300
87,46,3,3,2,3,3,9,58
87,47,24,130,23,130,4,8,380
87,50,10,20,10,20,2,10,25
87,50,11,38,4,38,4,9,30
88,48,31,98,28,98,4,8,182
88,49,17,72,17,72,4,9,120
88,49,7,11,5,11,4,11,160
88,50,8,21,6,21,4,8,3
89,46,2,2,2,2,4,10,0
89,49,16,49,16,49,4,11,103
90,48,3,3,2,3,4,10,3
90,51,51,283,30,283,3,12,334
90,51,57,669,42,669,3,11,1463
90,53,9,17,9,17,3,11,53
91,47,52,217,52,217,4,10,120
91,47,8,13,7,13,3,10,12
91,49,98,466,71,466,3,10,370
92,49,10,47,7,47,4,11,45
92,54,9,17,9,17,4,9,33
93,47,20,71,10,71,2,11,245
93,48,63,280,52,280,4,8,92
93,49,125,1983,44,1983,5,13,8463
93,50,24,57,16,57,5,9,50
93,50,80,440,25,440,4,10,1207
93,52,45,273,14,273,4,10,247
93,52,53,258,36,258,3,11,656
93,53,14,38,14,38,4,8,85
93,55,23,98,17,98,4,10,302
94,50,36,133,23,133,2,12,295
94,52,5,8,5,8,4,14,20
95,54,29,92,21,92,3,10,168
95,55,18,46,18,46,3,10,47
95,55,24,90,21,90,3,10,214
96,52,39,377,19,377,4,10,729
96,53,36,108,36,108,3,8,128
96,54,37,255,29,255,4,8,577
96,55,17,50,14,50,3,10,266
96,56,102,599,29,599,5,9,386
97,49,81,714,50,714,3,9,544
97,50,36,179,23,179,2,10,186
97,50,47,258,44,258,3,9,246
97,51,7,21,7,21,3,9,15
97,53,64,182,31,182,4,11,380
97,54,3,3,3,3,4,8,113
97,55,74,463,74,463,4,10,436
98,52,33,111,30,111,2,11,102
98,55,35,86,10,86,4,9,430
99,50,122,779,51,779,4,9,403
99,50,286,2834,79,2834,5,12,19594
99,52,11,18,8,18,5,10,105
99,52,25,212,10,212,4,9,248
99,54,174,1052,142,1052,2,8,1494
99,55,121,816,50,816,4,7,1478
99,58,888,15362,230,15362,3,12,79502
99,59,20,92,9,92,5,10,231
100,55,5,7,1,7,3,12,33
100,55,52,242,39,242,4,10,462
100,56,92,490,85,490,3,10,2153
100,57,11,24,11,24,4,9,77
101,53,28,86,21,86,4,9,215
101,57,16,28,6,28,4,11,236
101,57,17,43,14,43,4,10,112
101,58,13,24,13,24,3,10,59
101,59,91,778,67,778,3,10,2342
101,61,33,110,26,110,3,8,132
102,56,36,174,23,174,4,9,202
102,59,21,59,15,59,3,8,64
103,55,24,66,14,66,4,11,68
103,56,71,307,44,307,4,10,510
103,58,32,116,30,116,4,8,224
103,58,62,274,56,274,3,11,752
103,63,103,851,83,851,4,8,839
104,57,23,56,18,56,3,11,186
104,59,30,85,22,85,3,11,116
105,54,2,2,1,2,3,10,1
105,56,201,2078,121,2078,3,9,1129
105,60,51,233,39,233,2,10,1197
105,60,84,776,45,776,3,11,3863
105,62,44,261,27,261,3,8,235
106,57,30,117,24,117,4,10,215
106,57,4,5,4,5,4,14,20
106,57,73,516,63,516,4,9,267
106,58,17,50,13,50,3,10,169
106,59,8,14,8,14,3,8,18
106,61,226,3574,80,3574,3,9,4055
107,57,11,22,9,22,2,14,252
107,58,34,109,28,109,4,9,194
107,61,21,87,15,87,3,10,417
107,61,6,8,2,8,4,11,13
108,58,125,1866,41,1866,2,10,4341
108,60,10,16,7,16,3,11,65
109,63,57,408,37,408,4,10,830
109,65,17,49,15,49,3,8,80
109,66,4,7,3,7,4,10,11
110,60,78,633,43,633,3,13,417
110,61,2,2,1,2,3,10,1
110,61,3,3,2,3,5,13,16
110,62,15,55,15,55,3,10,31
110,62,20,42,5,42,3,8,619
110,65,4,5,4,5,3,10,5
111,59,13,28,12,28,4,11,172
111,61,21,78,14,78,3,11,125
111,61,53,152,22,152,4,9,163
112,62,22,70,11,70,4,9,267
112,68,16,49,7,49,4,9,128
113,63,46,150,30,150,4,11,310
113,64,4,9,4,9,3,12,4
113,65,2,2,2,2,3,10,0
113,65,4,9,3,9,3,9,3
113,68,2,2,2,2,4,9,5
114,60,53,307,27,307,3,10,630
114,61,63,284,11,284,5,15,442
114,62,48,197,32,197,3,11,272
114,62,97,840,86,840,4,10,780
114,63,16,79,8,79,3,10,388
114,63,23,96,23,96,3,10,419
114,64,150,643,116,643,3,10,1183
115,60,224,1599,111,1599,3,11,1902
115,61,77,680,27,680,3,11,1773
115,64,51,270,21,270,4,9,656
115,64,88,502,53,502,3,12,2327
115,65,38,176,36,176,3,9,122
115,65,546,7574,164,7574,4,9,8000
115,65,68,516,44,516,3,9,1217
115,68,12,25,9,25,4,11,158
115,69,33,128,28,128,4,10,739
116,63,2,2,2,2,3,11,0
116,63,384,5027,240,5027,2,13,11519
116,64,33,148,24,148,4,11,403
116,65,4557,55733,2271,55733,4,12,78590
116,69,63,668,32,668,3,13,1190
117,61,2,2,2,2,4,10,0
117,62,51,221,48,221,4,12,572
117,65,20,48,14,48,5,9,98
117,66,51,430,28,430,4,11,3447
117,67,244,5883,101,5883,2,10,76195
118,63,29,93,16,93,3,10,506
118,65,18,49,14,49,3,10,145
118,65,23,44,16,44,4,13,56
118,65,4,4,3,4,2,10,6
118,65,68,313,59,313,3,10,738
118,65,69,474,41,474,4,12,1693
119,63,106,674,38,674,4,10,800
119,66,124,852,39,852,4,11,1875
119,71,55,417,32,417,4,9,940
119,73,93,875,43,875,3,11,1096
120,65,2,2,1,2,4,10,0
120,65,32,138,31,138,3,12,393
120,66,25,159,10,159,6,11,606
120,66,4,5,4,5,4,10,32
120,70,6,17,5,17,2,11,485
120,73,65,485,47,485,6,11,1387
121,63,45,318,31,318,3,13,237
121,65,154,955,147,955,3,8,1306
121,67,236,1834,125,1834,3,11,2860
121,72,25,67,22,67,3,10,221
122,66,50,197,44,197,4,11,208
122,67,42,697,17,697,4,11,5092
122,70,42,245,21,245,4,11,719
122,71,12,36,4,36,3,10,179
122,71,2,2,1,2,3,9,0
122,73,83,573,61,573,4,10,812
123,62,3,3,3,3,4,12,34
123,66,91,476,38,476,4,10,221
123,69,156,1557,139,1557,3,13,3494
123,70,170,1548,58,1548,4,10,2807
124,65,4,5,3,5,4,13,11
124,67,9,24,9,24,3,11,94
124,68,309,2113,203,2113,3,12,1282
124,70,111,392,84,392,4,11,1540
124,71,22,56,18,56,3,10,71
125,64,747,7674,501,7674,3,11,10549
125,69,12,67,12,67,4,10,297
125,69,4,5,4,5,4,9,82
125,69,6,9,3,9,4,11,205
125,72,66,390,48,390,5,10,1127
126,71,6498,104583,1711,104583,4,10,220306
126,72,86,555,47,555,3,9,815
126,73,23,84,10,84,3,12,214
126,73,3,3,2,3,3,11,43
126,74,17,42,17,42,4,10,538
127,66,132,1732,83,1732,3,10,16071
127,67,567,11914,172,11914,3,10,20515
127,69,445,8400,314,8400,4,10,189306
127,71,41,338,35,338,4,9,2397
129,67,125,778,107,778,4,12,935
129,72,114,768,95,768,3,11,2411
129,72,49,246,47,246,1,13,491
129,73,291,2175,195,2175,3,10,9531
129,73,422,5187,146,5187,4,11,5537
129,78,2547,50877,659,50877,2,15,160989
129,79,210,1292,164,1292,3,11,3202
130,71,99,756,81,756,5,10,3357
131,72,42,249,29,249,3,13,633
132,71,300,4778,163,4778,4,10,48449
132,72,30,162,8,162,5,12,148
132,75,12,40,7,40,3,12,717
132,77,2,2,1,2,4,9,3
133,74,13,50,5,50,3,13,342
133,74,285,6369,114,6369,3,10,39511
133,76,12,20,12,20,4,12,56
133,80,46,208,42,208,2,12,523
134,73,156,2118,126,2118,4,10,14424
134,73,313,5024,143,5024,2,13,26378
134,74,771,10727,467,10727,3,11,41962
134,75,72,336,33,336,4,10,644
134,78,-1,-1,-1,-1,4,12,1440
134,78,86,584,56,584,4,11,698
134,79,2272,43712,788,43712,3,13,772105
135,74,27,78,16,78,3,12,89
135,74,79,681,46,681,4,9,1298
135,75,1461,23785,614,23785,3,11,45049
135,77,116,1092,45,1092,4,11,6384
135,78,18,44,18,44,4,10,34
136,74,64,283,41,283,4,11,112
136,74,9,18,9,18,4,13,13
136,79,1004,18376,399,18376,3,9,32342
136,80,625,10316,106,10316,5,13,69298
137,75,18,87,18,87,2,14,77
137,76,23,58,22,58,4,9,273
137,77,96,1822,42,1822,4,13,8442
137,81,29,81,29,81,4,12,283
138,74,230,1947,130,1947,4,11,6708
138,79,28,133,18,133,2,12,152
138,80,29,132,11,132,5,12,86
138,81,89,657,41,657,4,11,481
139,76,3,3,2,3,4,11,18
139,76,9,21,7,21,3,12,332
139,78,55,696,31,696,4,15,10267
139,79,2,2,2,2,4,10,3
139,80,8,18,3,18,4,11,20
139,82,20,36,20,36,3,12,213
140,74,876,11545,414,11545,4,10,33951
140,76,69,346,30,346,4,11,798
140,79,1277,20967,479,20967,6,13,51129
140,79,6,10,6,10,4,11,18
140,79,7,15,7,15,4,12,29
141,77,109,504,88,504,3,11,302
141,77,24,65,6,65,3,10,249
141,78,4,5,4,5,4,16,98
142,75,17,75,12,75,4,11,159
142,77,132,532,79,532,4,12,410
142,79,6,8,4,8,4,12,306
142,80,36,98,33,98,3,12,238
142,81,119,1203,102,1203,4,10,6147
142,81,5,7,4,7,4,13,74
142,85,71,197,23,197,2,10,1035
142,87,2,2,1,2,2,11,9
143,77,155,1451,133,1451,3,13,55285
143,79,108,612,87,612,4,11,1459
143,80,273,4649,145,4649,4,10,33957
144,76,95,378,48,378,4,10,423
144,80,61,452,36,452,3,11,1308
144,82,68,572,56,572,3,11,695
144,83,35,135,34,135,4,11,319
144,83,4,6,4,6,5,13,19
145,80,1142,9119,400,9119,4,12,7677
145,82,46,210,34,210,4,11,609
145,84,471,3142,177,3142,3,14,3821
146,78,829,5934,518,5934,3,11,10439
146,80,324,3558,293,3558,4,12,9354
146,86,70,434,45,434,3,11,533
147,78,5596,93398,3042,93398,5,11,180199
147,78,91,762,57,762,4,12,578
147,80,1096,12946,523,12946,3,16,63571
147,81,731,13530,117,13530,5,15,44788
147,81,83,898,50,898,3,13,4176
147,82,802,7682,338,7682,4,12,12577
147,84,26,97,16,97,4,10,329
147,86,37,181,16,181,4,9,399
148,80,3,3,3,3,3,13,354
148,84,117,849,106,849,4,13,985
149,83,28,109,18,109,2,16,650
149,84,53,284,28,284,3,13,1699
149,86,13,36,7,36,4,14,480
150,82,362,4082,361,4082,4,9,10956
150,83,322,4378,140,4378,3,13,7277
150,83,421,3641,344,3641,4,10,5584
150,84,662,4590,386,4590,4,13,6425
150,86,11,26,9,26,3,11,105
151,84,50,213,34,213,3,10,469
151,88,14,53,10,53,3,11,68
152,80,26,66,21,66,5,11,425
152,81,74,431,63,431,4,11,1769
152,82,53,364,22,364,2,13,748
152,84,920,13707,433,13707,3,10,19598
152,86,117,984,101,984,3,13,4830
152,88,45,138,32,138,3,13,458
153,82,4,5,4,5,4,14,313
153,83,57,248,46,248,5,12,1366
153,89,47,319,25,319,3,12,1576
154,85,65,415,49,415,4,11,388
154,85,8,14,7,14,5,10,27
154,91,44,130,32,130,4,12,298
155,85,218,2444,94,2444,4,10,6156
155,87,19,41,16,41,4,10,159
155,90,90,703,76,703,4,9,2015
156,82,3,3,3,3,4,13,64
156,87,133,1712,59,1712,4,9,15112
156,87,3,3,3,3,4,12,265
156,91,297,2230,220,2230,3,12,4595
157,86,127,603,81,603,4,10,8085
157,87,1013,34353,497,34353,4,14,815538
157,89,78,422,67,422,3,11,633
157,93,430,4183,296,4183,3,10,5170
158,89,47,196,36,196,3,15,166
158,91,68,299,63,299,4,10,1036
158,94,37,214,23,214,3,11,413
159,89,21,62,18,62,5,10,589
159,89,70,397,44,397,4,12,1070
159,90,7,13,7,13,3,9,12
160,88,131,1993,38,1993,3,14,10677
160,89,335,4503,175,4503,4,12,38156
160,89,7,11,5,11,5,16,17
160,89,99,485,78,485,4,10,632
160,91,7,16,7,16,3,13,20
160,94,1424,36700,697,36700,3,12,153014
160,94,2039,59042,509,59042,4,12,388572
161,88,30,81,20,81,5,12,520
161,92,24,225,11,225,4,12,681
162,91,188,1026,14,1026,5,13,11965
162,95,56,1159,32,1159,3,11,9459
163,90,2791,32708,687,32708,4,15,1610801
163,91,211,2555,102,2555,4,12,4727
163,94,305,1825,221,1825,3,11,5273
163,98,267,2496,140,2496,3,10,4537
164,95,42,148,28,148,4,11,2009
164,96,435,3385,261,3385,3,11,3838
165,90,1616,30996,813,30996,4,14,454978
165,97,88,452,88,452,4,11,1583
166,90,119,1594,50,1594,3,12,6692
166,94,386,3138,382,3138,2,13,8524
167,91,118,1385,38,1385,4,10,6425
167,91,16,38,8,38,2,16,92
168,94,2869,44404,865,44404,4,14,163135
168,95,2,2,1,2,3,12,1
169,100,67,236,44,236,4,11,2094
169,94,134,973,83,973,3,12,1580
170,94,163,1690,62,1690,4,13,4134
170,94,5,7,4,7,3,13,21
170,95,5,6,3,6,3,11,138
171,94,437,3766,260,3766,2,14,5299
171,97,4140,81570,1875,81570,4,11,547895
171,98,49,166,46,166,3,11,483
172,97,91,752,37,752,4,13,3370
172,98,15,34,11,34,3,11,591
173,103,27,115,16,115,4,14,1212
174,100,194,882,92,882,4,13,8425
174,97,1140,10373,982,10373,2,12,15517
175,101,26,118,22,118,3,11,326
175,102,215,2066,114,2066,4,13,2772
175,102,77,296,41,296,4,12,1868
176,101,82,275,73,275,3,10,1018
176,103,61,287,40,287,4,11,1645
176,105,62,243,61,243,4,13,508
176,107,33,135,27,135,3,12,520
177,100,28,155,10,155,4,13,923
177,100,771,10049,364,10049,3,14,82986
177,102,16,33,15,33,3,12,179
177,104,79,900,56,900,3,11,3170
177,105,4,7,3,7,2,15,10
177,97,9161,182781,2743,182781,4,20,336821
178,101,157,1475,151,1475,3,11,4015
178,102,14,28,14,28,3,13,649
179,105,82,614,19,614,3,12,829
179,107,160,1181,83,1181,3,10,1634
182,107,1615,32686,566,32686,4,14,159087
186,109,117,998,34,998,4,13,1268
188,107,15,27,2,27,3,18,285
189,109,58,544,33,544,3,17,930
190,111,70,255,35,255,3,12,2701
190,113,2,2,2,2,2,14,5
190,114,121,625,97,625,3,13,961
195,117,3,3,2,3,4,12,8
198,119,284,1816,105,1816,3,14,18836
203,121,201,4760,39,4760,4,14,57040
